Product Name,Brand,Price,Original Price,Discount %,Rating,Ratings Count,Reviews Count,RAM (GB),Storage (GB),Rear Camera (MP),Front Camera (MP),Battery (mAh),Rear_Main_MP,Front_MP,Rear_Camera_Count,Price_per_GB,Price_Segment,Value_Score
"OPPO K14x 5G (Icy Blue, 128 GB)",OPPO,16999.0,17999.0,5.0,4.3,3075.0,198.0,4.0,128.0,50MP + 2MP,5MP Front Camera,6500.0,50.0,5.0,2,132.8046875,Midrange,34.5349569216898
"Samsung M06 5G (Sage Green, 128 GB)",Samsung,12690.0,15499.0,18.0,4.1,1999.0,127.0,4.0,128.0,50MP Rear Camera,,5000.0,50.0,,1,99.140625,Budget,31.163700084122535
"MOTOROLA g37 (PANTONE Impenetrable, 64 GB)",MOTOROLA,18999.0,24999.0,24.0,4.0,11.0,2.0,4.0,64.0,50MP Rear Camera,8MP Front Camera,5200.0,50.0,8.0,1,296.859375,Midrange,9.939626599152001
"Samsung M06 5G (Sage Green, 128 GB)",Samsung,14168.0,18999.0,25.0,4.1,1502.0,83.0,6.0,128.0,50MP Rear Camera,,5000.0,50.0,,1,110.6875,Budget,29.992395397987192
"POCO C85x Charger in the Box (Emerald Green, 64 GB)",POCO,12499.0,20999.0,40.0,4.1,1662.0,92.0,4.0,64.0,32MP Rear Camera,,6300.0,32.0,,1,195.296875,Budget,30.407151764691
"POCO C85x Charger in the Box (Sunset Gold, 64 GB)",POCO,12499.0,20999.0,40.0,4.1,1662.0,92.0,4.0,64.0,32MP Rear Camera,,6300.0,32.0,,1,195.296875,Budget,30.407151764691
"MOTOROLA Edge 60 Fusion 5G (PANTONE Slipstream, 128 GB)",MOTOROLA,22999.0,24999.0,8.0,4.4,120468.0,7120.0,8.0,128.0,50MP + 13MP,32MP Front Camera,5500.0,50.0,32.0,2,179.6796875,Midrange,51.47625004458053
"POCO C81x (Ice Blue, 64 GB)",POCO,10999.0,18999.0,42.0,3.8,92.0,6.0,3.0,64.0,13MP Rear Camera,8MP Front Camera,5200.0,13.0,8.0,1,171.859375,Budget,17.223878073982373
"OPPO K14x 5G (Prism Violet, 128 GB)",OPPO,18999.0,19999.0,5.0,4.3,1532.0,86.0,6.0,128.0,50MP + 2MP,5MP Front Camera,6500.0,50.0,5.0,2,148.4296875,Midrange,31.5404220791488
"OPPO K14 5G (Prism White, 128 GB)",OPPO,19999.0,25999.0,23.0,4.3,1035.0,66.0,6.0,128.0,50MP Rear Camera,8MP Front Camera,7000.0,50.0,8.0,1,156.2421875,Midrange,29.85542641812354
"realme P4 5G (Steel Grey, 128 GB)",realme,21999.0,,,4.4,18347.0,1303.0,8.0,128.0,50MP + 8MP,16MP Front Camera,7000.0,50.0,16.0,2,171.8671875,Midrange,43.19601376515508
"realme P4x 5G (Elegant Pink, 128 GB)",realme,20999.0,21999.0,4.0,4.3,10991.0,835.0,6.0,128.0,50MP + 2MP,8MP Front Camera,7000.0,50.0,8.0,2,164.0546875,Midrange,40.011168962187156
"realme P4 Lite 5G (Mosaic Green, 64 GB)",realme,14999.0,19999.0,25.0,4.3,4937.0,302.0,4.0,64.0,13MP Rear Camera,5MP Front Camera,7000.0,13.0,5.0,1,234.359375,Budget,36.57027738059203
"POCO C71  - Locked with Airtel Prepaid (Desert Gold, 64 GB)",POCO,8999.0,,,3.8,61157.0,2776.0,4.0,64.0,32MP Rear Camera,8MP Front Camera,5200.0,32.0,8.0,1,140.609375,Budget,41.880620641906575
"POCO M7 Plus 5G (Carbon Black, 128 GB)",POCO,15999.0,16999.0,5.0,4.3,8946.0,563.0,6.0,128.0,50MP AI Dual Camera,,7000.0,50.0,,1,124.9921875,Midrange,39.126016306054666
"realme P4 Lite (Sea Blue, 128 GB)",realme,13999.0,,,4.1,2507.0,145.0,4.0,128.0,13MP Rear Camera,5MP Front Camera,6300.0,13.0,5.0,1,109.3671875,Budget,32.09168769718652
"vivo T5x 5G (Cyber Green, 128 GB)",Vivo,22999.0,28999.0,20.0,4.3,8063.0,554.0,6.0,128.0,50MP + 2MP,32MP Front Camera,7200.0,50.0,32.0,2,179.6796875,Midrange,38.679209458337944
"MOTOROLA Edge 60 Fusion 5G (PANTONE Amazonite, 128 GB)",MOTOROLA,22999.0,24999.0,8.0,4.4,120468.0,7120.0,8.0,128.0,50MP + 13MP,32MP Front Camera,5500.0,50.0,32.0,2,179.6796875,Midrange,51.47625004458053
"OPPO K14x 5G (Icy Blue, 64 GB)",OPPO,14999.0,19999.0,25.0,4.3,3075.0,198.0,4.0,64.0,50MP + 2MP,5MP Front Camera,6500.0,50.0,5.0,2,234.359375,Budget,34.5349569216898
"MOTOROLA g37 (PANTONE Capri, 64 GB)",MOTOROLA,18999.0,24999.0,24.0,4.0,11.0,2.0,4.0,64.0,50MP Rear Camera,8MP Front Camera,5200.0,50.0,8.0,1,296.859375,Midrange,9.939626599152001
"POCO M8 Charger in the Box (Frost Silver, 128 GB)",POCO,19999.0,25999.0,23.0,4.3,1521.0,156.0,6.0,128.0,50MP Rear Camera,20MP Front Camera,5520.0,50.0,20.0,1,156.2421875,Midrange,31.509456315213015
"POCO C85 5G Charger in the Box (Power Black, 128 GB)",POCO,14499.0,20999.0,30.0,3.8,1112.0,111.0,4.0,128.0,50MP Rear Camera,8MP Front Camera,6000.0,50.0,8.0,1,113.2734375,Budget,26.65629453484707
"POCO C81x (Crystal Black, 64 GB)",POCO,10999.0,18999.0,42.0,3.8,92.0,6.0,3.0,64.0,13MP Rear Camera,8MP Front Camera,5200.0,13.0,8.0,1,171.859375,Budget,17.223878073982373
"OnePlus Nord CE6 Lite (Hyper Black, 128 GB)",OnePlus,23715.0,31999.0,25.0,3.8,73.0,7.0,6.0,128.0,50MP Rear Camera,50MP Front Camera,7000.0,50.0,50.0,1,185.2734375,Midrange,16.355447354175848
"POCO C51 - Locked with Airtel Prepaid (Power Black, 64 GB)",POCO,8499.0,9999.0,15.0,4.0,226809.0,12047.0,4.0,64.0,8MP Dual Rear Camera,5MP Front Camera,5000.0,8.0,5.0,1,132.796875,Budget,49.327471766297926
"MOTOROLA g37 (PANTONE Nautical Blue, 64 GB)",MOTOROLA,18999.0,24999.0,24.0,4.0,11.0,2.0,4.0,64.0,50MP Rear Camera,8MP Front Camera,5200.0,50.0,8.0,1,296.859375,Midrange,9.939626599152001
"Tecno Pova 7 Pro 5G (Neon Cyan, 256 GB)",Tecno,19374.0,23999.0,19.0,4.4,5603.0,573.0,8.0,256.0,64MP + 8MP,13MP Front Camera,6000.0,64.0,13.0,2,75.6796875,Midrange,37.97743799281035
"MOTOROLA g06 power (Pantone Tendril, 64 GB)",MOTOROLA,15999.0,19999.0,20.0,4.2,17454.0,1029.0,4.0,64.0,50MP Rear Camera,8MP Front Camera,7000.0,50.0,8.0,1,249.984375,Midrange,41.02300196206437
"Ai+ Pulse 1 (Green, 64 GB)",Ai+,7999.0,,,4.2,42699.0,2813.0,4.0,64.0,50MP Rear Camera,5MP Front Camera,5000.0,50.0,5.0,1,124.984375,Budget,44.78020763671021
"Samsung Galaxy F06 5G (Lit Violet, 128 GB)",Samsung,13999.0,16999.0,17.0,4.2,45989.0,2938.0,4.0,128.0,50MP + 2MP,8MP Front Camera,5000.0,50.0,8.0,2,109.3671875,Budget,45.091952894242674
"vivo T4R 5G (Arctic White, 128 GB)",Vivo,22999.0,23499.0,2.0,4.4,50284.0,2849.0,8.0,128.0,50MP (OIS) + 2MP,32MP Front Camera,5700.0,50.0,32.0,2,179.6796875,Midrange,47.632033243865756
"POCO C81 (Sunset Gold, 64 GB)",POCO,11999.0,19999.0,40.0,3.7,72.0,6.0,4.0,64.0,13MP Rear Camera,8MP Front Camera,6300.0,13.0,8.0,1,187.484375,Budget,15.874699932249047
"realme P4 Lite 5G (Mosaic Green, 128 GB)",realme,16499.0,32999.0,50.0,4.3,4937.0,302.0,4.0,128.0,13MP Rear Camera,5MP Front Camera,7000.0,13.0,5.0,1,128.8984375,Midrange,36.57027738059203
"vivo T4 Pro 5G (Blaze Gold, 256 GB)",Vivo,29999.0,34999.0,14.0,4.5,19935.0,1559.0,8.0,256.0,50MP + 2MP + 50MP,32MP Front Camera,6500.0,50.0,32.0,3,117.18359375,Midrange,44.55127089714231
"Ai+ Pulse 2 (Purple, 128 GB)",Ai+,11999.0,,,3.8,3095.0,260.0,6.0,128.0,50MP Rear Camera,8MP Front Camera,6000.0,50.0,8.0,1,93.7421875,Budget,30.543891691896548
"Samsung Galaxy F36 5G (Violet, 128 GB)",Samsung,21999.0,24499.0,10.0,4.2,5813.0,429.0,8.0,128.0,50MP + 8MP + 2MP,13MP Front Camera,5000.0,50.0,13.0,3,171.8671875,Midrange,36.40570114069905
"MOTOROLA g06 power (Pantone tapestry, 64 GB)",MOTOROLA,15999.0,19999.0,20.0,4.2,17454.0,1029.0,4.0,64.0,50MP Rear Camera,8MP Front Camera,7000.0,50.0,8.0,1,249.984375,Midrange,41.02300196206437
"MOTOROLA g37 power (PANTONE Nautical Blue, 128 GB)",MOTOROLA,19999.0,30499.0,34.0,4.3,4.0,1.0,4.0,128.0,50MP Rear Camera,8MP Front Camera,7000.0,50.0,8.0,1,156.2421875,Midrange,6.920583023466631
"POCO M7 Plus 5G (Carbon Black, 128 GB)",POCO,16999.0,17999.0,5.0,4.2,5187.0,342.0,8.0,128.0,50MP AI Dual Camera,,7000.0,50.0,,1,132.8046875,Midrange,35.9272348908326
"POCO C85x Charger in the Box (Elite Black, 64 GB)",POCO,12499.0,20999.0,40.0,4.1,1662.0,92.0,4.0,64.0,32MP Rear Camera,,6300.0,32.0,,1,195.296875,Budget,30.407151764691
"OnePlus Nord CE6 Lite (Hyper Black, 128 GB)",OnePlus,25442.0,33999.0,25.0,4.3,46.0,2.0,8.0,128.0,50MP Rear Camera,50MP Front Camera,7000.0,50.0,50.0,1,198.765625,Midrange,16.55563468735325
"POCO C85 5G Charger in the Box (Power Black, 128 GB)",POCO,15999.0,22999.0,30.0,4.3,820.0,40.0,6.0,128.0,50MP Rear Camera,8MP Front Camera,6000.0,50.0,8.0,1,124.9921875,Midrange,28.85524937064544
"OnePlus Nord CE6 Lite (Vivid Mint, 128 GB)",OnePlus,23647.0,31999.0,26.0,3.8,73.0,7.0,6.0,128.0,50MP Rear Camera,50MP Front Camera,7000.0,50.0,50.0,1,184.7421875,Midrange,16.355447354175848
"OPPO K14 5G (Icy Blue, 128 GB)",OPPO,19999.0,25999.0,23.0,4.3,1035.0,66.0,6.0,128.0,50MP Rear Camera,8MP Front Camera,7000.0,50.0,8.0,1,156.2421875,Midrange,29.85542641812354
"OPPO K14 5G (Prism Violet, 256 GB)",OPPO,21999.0,27999.0,21.0,4.3,1035.0,66.0,6.0,256.0,50MP Rear Camera,8MP Front Camera,7000.0,50.0,8.0,1,85.93359375,Midrange,29.85542641812354
"realme P3 Ultra 5G (Orion Red, 128 GB)",realme,25999.0,31999.0,18.0,4.4,20809.0,2045.0,8.0,128.0,50MP + 8MP,16MP Front Camera,6000.0,50.0,16.0,2,203.1171875,Midrange,43.75003124530579
"OPPO K14x 5G (Prism Violet, 64 GB)",OPPO,14999.0,19999.0,25.0,4.3,3075.0,198.0,4.0,64.0,50MP + 2MP,5MP Front Camera,6500.0,50.0,5.0,2,234.359375,Budget,34.5349569216898
"POCO M7 Plus 5G (Chrome Silver, 128 GB)",POCO,16999.0,17999.0,5.0,4.2,5187.0,342.0,8.0,128.0,50MP AI Dual Camera,,7000.0,50.0,,1,132.8046875,Midrange,35.9272348908326
"vivo T4 Pro 5G (Nitro Blue, 256 GB)",Vivo,29999.0,34999.0,14.0,4.5,19935.0,1559.0,8.0,256.0,50MP + 2MP + 50MP,32MP Front Camera,6500.0,50.0,32.0,3,117.18359375,Midrange,44.55127089714231
"POCO M7 5G - Locked with Airtel Prepaid (Ocean Blue, 128 GB)",POCO,12999.0,,,3.7,10308.0,491.0,6.0,128.0,50MP Rear Camera,8MP Front Camera,5160.0,50.0,8.0,1,101.5546875,Budget,34.19085854265663
"vivo T5x 5G (Cyber Green, 128 GB)",Vivo,24999.0,30999.0,19.0,4.4,9872.0,816.0,8.0,128.0,50MP + 2MP,32MP Front Camera,7200.0,50.0,32.0,2,195.3046875,Midrange,40.469259765490385
"MOTOROLA g35 5G (Leaf Green, 128 GB)",MOTOROLA,12499.0,,,4.2,137509.0,8536.0,4.0,128.0,50MP + 8MP,16MP Front Camera,5000.0,50.0,16.0,2,97.6484375,Budget,49.69209806701136
"POCO C75 5G (Enchanted Green, 64 GB)",POCO,10999.0,,,4.2,150025.0,6816.0,4.0,64.0,50MP Rear Camera,5MP Front Camera,5160.0,50.0,5.0,1,171.859375,Budget,50.05796834384321
"OPPO K13 5G with 7000mAh and 80W SUPERVOOC Charger In-The-Box (Icy Purple, 128 GB)",OPPO,22999.0,,,4.4,73745.0,4963.0,8.0,128.0,50MP + 2MP,16MP Front Camera,7000.0,50.0,16.0,2,179.6796875,Midrange,49.31688095594936
"MOTOROLA Edge 70 Fusion (Pantone SILHOUETTE, 256 GB)",MOTOROLA,32999.0,45999.0,28.0,4.4,8423.0,909.0,8.0,256.0,50MP + 13MP,32MP Front Camera,7000.0,50.0,32.0,2,128.90234375,Upper Midrange,39.77089623678077
"realme P4x 5G (Matte Silver, 128 GB)",realme,22499.0,23499.0,4.0,4.3,5477.0,422.0,8.0,128.0,50MP + 2MP,8MP Front Camera,7000.0,50.0,8.0,2,175.7734375,Midrange,37.016530004239
"vivo T4R 5G (Twilight Blue, 256 GB)",Vivo,24999.0,,,4.4,50284.0,2849.0,8.0,256.0,50MP (OIS) + 2MP,32MP Front Camera,5700.0,50.0,32.0,2,97.65234375,Midrange,47.632033243865756
"OPPO K14x 5G (Icy Blue, 128 GB)",OPPO,18999.0,19999.0,5.0,4.3,1532.0,86.0,6.0,128.0,50MP + 2MP,5MP Front Camera,6500.0,50.0,5.0,2,148.4296875,Midrange,31.5404220791488
"realme C85 5G (Parrot Purple, 128.0 GB)",realme,21999.0,24999.0,12.0,4.3,190.0,12.0,4.0,128.0,50MP Rear Camera,8MP Front Camera,7000.0,50.0,8.0,1,171.8671875,Midrange,22.584775740600506
"realme P4 5G (Steel Grey, 128 GB)",realme,20999.0,,,4.4,21424.0,1452.0,6.0,128.0,50MP + 8MP,16MP Front Camera,7000.0,50.0,16.0,2,164.0546875,Midrange,43.87818047125032
"OPPO K14 5G (Prism White, 256 GB)",OPPO,23999.0,29999.0,20.0,4.2,382.0,40.0,8.0,256.0,50MP Rear Camera,8MP Front Camera,7000.0,50.0,8.0,1,93.74609375,Midrange,24.981746954558712
"OPPO K14 5G (Prism Violet, 256 GB)",OPPO,23999.0,29999.0,20.0,4.2,382.0,40.0,8.0,256.0,50MP Rear Camera,8MP Front Camera,7000.0,50.0,8.0,1,93.74609375,Midrange,24.981746954558712
"MOTOROLA g37 power (PANTONE Impenetrable, 128 GB)",MOTOROLA,25999.0,37999.0,31.0,,,,8.0,128.0,50MP Rear Camera,8MP Front Camera,7000.0,50.0,8.0,1,203.1171875,Midrange,
"Apple iPhone 15 (Black, 128 GB)",Apple,59900.0,,,4.6,245694.0,9251.0,,128.0,48MP + 12MP,12MP Front Camera,,48.0,12.0,2,467.96875,Premium,57.09449255809653
"realme P3 Lite 5G Charger in the Box (Midnight Lily, 128 GB)",realme,13999.0,,,4.4,14375.0,685.0,6.0,128.0,32MP Rear Camera,8MP Front Camera,6000.0,32.0,8.0,1,109.3671875,Budget,42.12258788523894
"OPPO K14x 5G (Prism Violet, 128 GB)",OPPO,16999.0,17999.0,5.0,4.3,3075.0,198.0,4.0,128.0,50MP + 2MP,5MP Front Camera,6500.0,50.0,5.0,2,132.8046875,Midrange,34.5349569216898
"Samsung Galaxy F06 5G (Bahama Blue, 128 GB)",Samsung,15499.0,,,4.2,24550.0,1681.0,6.0,128.0,50MP + 2MP,8MP Front Camera,5000.0,50.0,8.0,2,121.0859375,Midrange,42.455733035480726
"OPPO K14 5G (Icy Blue, 256 GB)",OPPO,21999.0,27999.0,21.0,4.3,1035.0,66.0,6.0,256.0,50MP Rear Camera,8MP Front Camera,7000.0,50.0,8.0,1,85.93359375,Midrange,29.85542641812354
"OPPO K14 5G (Prism Violet, 128 GB)",OPPO,19999.0,25999.0,23.0,4.3,1035.0,66.0,6.0,128.0,50MP Rear Camera,8MP Front Camera,7000.0,50.0,8.0,1,156.2421875,Midrange,29.85542641812354
"MOTOROLA G96 5G (Pantone Dresden Blue, 128 GB)",MOTOROLA,20999.0,,,4.4,89801.0,5025.0,8.0,128.0,50MP + 8MP,32MP Front Camera,5500.0,50.0,32.0,2,164.0546875,Midrange,50.18359511333169
"POCO M7 Plus 5G (Chrome Silver, 128 GB)",POCO,15999.0,16999.0,5.0,4.3,8946.0,563.0,6.0,128.0,50MP AI Dual Camera,,7000.0,50.0,,1,124.9921875,Midrange,39.126016306054666
"Samsung M05 (Mint Green, 64 GB)",Samsung,6704.0,9999.0,32.0,4.3,4217.0,168.0,4.0,64.0,50MP Rear Camera,,5000.0,50.0,,1,104.75,Budget,35.892600352466495
"Samsung Galaxy F06 5G (Bahama Blue, 128 GB)",Samsung,13999.0,16999.0,17.0,4.2,45989.0,2938.0,4.0,128.0,50MP + 2MP,8MP Front Camera,5000.0,50.0,8.0,2,109.3671875,Budget,45.091952894242674
"realme C85 5G (Peacock Green, 128.0 GB)",realme,16499.0,,,4.3,190.0,12.0,4.0,128.0,50MP Rear Camera,8MP Front Camera,7000.0,50.0,8.0,1,128.8984375,Midrange,22.584775740600506
"vivo T4x 5G (Pronto Purple, 256 GB)",Vivo,20999.0,,,4.4,139912.0,7438.0,8.0,256.0,50MP + 2MP,8MP Front Camera,6500.0,50.0,8.0,2,82.02734375,Midrange,52.1346147513543
"realme C85 5G (Parrot Purple, 128.0 GB)",realme,16499.0,,,4.3,190.0,12.0,4.0,128.0,50MP Rear Camera,8MP Front Camera,7000.0,50.0,8.0,1,128.8984375,Midrange,22.584775740600506
"MOTOROLA Edge 60 Fusion 5G (PANTONE Mykonos Blue, 128 GB)",MOTOROLA,22999.0,24999.0,8.0,4.4,120468.0,7120.0,8.0,128.0,50MP + 13MP,32MP Front Camera,5500.0,50.0,32.0,2,179.6796875,Midrange,51.47625004458053
"MOTOROLA g05 (Forest Green, 64 GB)",MOTOROLA,7299.0,9999.0,27.0,4.2,81860.0,4858.0,4.0,64.0,50MP Rear Camera,8MP Front Camera,5100.0,50.0,8.0,1,114.046875,Budget,47.51366745699118
"POCO C71 (Cool Blue, 128 GB)",POCO,9999.0,,,4.1,36600.0,1744.0,6.0,128.0,32MP Rear Camera,8MP Front Camera,5200.0,32.0,8.0,1,78.1171875,Budget,43.08210644982437
"POCO C81 (Sky Blue, 64 GB)",POCO,11999.0,19999.0,40.0,3.7,72.0,6.0,4.0,64.0,13MP Rear Camera,8MP Front Camera,6300.0,13.0,8.0,1,187.484375,Budget,15.874699932249047
"POCO C71  - Locked with Airtel Prepaid (Power Black, 64 GB)",POCO,8999.0,,,3.8,61157.0,2776.0,4.0,64.0,32MP Rear Camera,8MP Front Camera,5200.0,32.0,8.0,1,140.609375,Budget,41.880620641906575
"vivo T4R 5G (Twilight Blue, 128 GB)",Vivo,22999.0,23499.0,2.0,4.4,50284.0,2849.0,8.0,128.0,50MP (OIS) + 2MP,32MP Front Camera,5700.0,50.0,32.0,2,179.6796875,Midrange,47.632033243865756
"realme 15 Pro 5G (Velvet Green, 256 GB)",realme,29999.0,37999.0,21.0,4.3,9599.0,864.0,8.0,256.0,50MP + 50MP,50MP Front Camera,7000.0,50.0,50.0,2,117.18359375,Midrange,39.42892902306049
"vivo T4 Pro 5G (Blaze Gold, 128 GB)",Vivo,27999.0,32999.0,15.0,4.5,19935.0,1559.0,8.0,128.0,50MP + 2MP + 50MP,32MP Front Camera,6500.0,50.0,32.0,3,218.7421875,Midrange,44.55127089714231
"MOTOROLA Edge 70 Fusion (Pantone SILHOUETTE, 256 GB)",MOTOROLA,34999.0,49999.0,30.0,4.3,1707.0,178.0,12.0,256.0,50MP + 13MP,32MP Front Camera,7000.0,50.0,32.0,2,136.71484375,Upper Midrange,32.00523700969862
"MOTOROLA g35 5G (Leaf Green, 128 GB)",MOTOROLA,13999.0,15499.0,9.0,4.2,15182.0,829.0,8.0,128.0,50MP + 8MP,16MP Front Camera,5000.0,50.0,16.0,2,109.3671875,Budget,40.43731297150519
"OnePlus Nord CE6 Lite (Vivid Mint, 128 GB)",OnePlus,25525.0,33999.0,24.0,4.3,46.0,2.0,8.0,128.0,8MP Rear Camera,50MP Front Camera,7000.0,8.0,50.0,1,199.4140625,Midrange,16.55563468735325
"IQOO Z10R 5G (Aquamarine, 128 GB)",IQOO,23140.0,23499.0,1.0,4.4,5328.0,318.0,8.0,128.0,50MP Rear Camera,,5700.0,50.0,,1,180.78125,Midrange,37.75604308210584
"vivo T4 5G (Phantom Grey, 256 GB)",Vivo,28999.0,29999.0,3.0,4.4,22963.0,1370.0,12.0,256.0,50MP (OIS) + 2MP,32MP Front Camera,7300.0,50.0,32.0,2,113.27734375,Midrange,44.18340542566513
"vivo T4x 5G (Glacial Teal, 256 GB)",Vivo,20999.0,,,4.4,139912.0,7438.0,8.0,256.0,50MP + 2MP,8MP Front Camera,6500.0,50.0,8.0,2,82.02734375,Midrange,52.1346147513543
"vivo T4x 5G (Glacial Teal, 128 GB)",Vivo,18999.0,19499.0,2.0,4.4,139912.0,7438.0,8.0,128.0,50MP + 2MP,8MP Front Camera,6500.0,50.0,8.0,2,148.4296875,Midrange,52.1346147513543
"vivo T4 5G (Emerald Blaze, 128 GB)",Vivo,24999.0,25999.0,3.0,4.4,79727.0,4420.0,8.0,128.0,50MP (OIS) + 2MP,32MP Front Camera,7300.0,50.0,32.0,2,195.3046875,Midrange,49.66005493029323
"MOTOROLA g35 5G (Guava Red, 128 GB)",MOTOROLA,13999.0,15499.0,9.0,4.2,15182.0,829.0,8.0,128.0,50MP + 8MP,16MP Front Camera,5000.0,50.0,16.0,2,109.3671875,Budget,40.43731297150519
"vivo T4x 5G (Marine Blue, 256 GB)",Vivo,20999.0,,,4.4,139912.0,7438.0,8.0,256.0,50MP + 2MP,8MP Front Camera,6500.0,50.0,8.0,2,82.02734375,Midrange,52.1346147513543
"Nothing Phone (3a) Lite (Black, 128 GB)",Nothing,22999.0,,,4.4,3104.0,204.0,8.0,128.0,50MP + 8MP + 2MP,16MP Front Camera,5000.0,50.0,16.0,3,179.6796875,Midrange,35.379383575217346
"vivo T4x 5G (Pronto Purple, 128 GB)",Vivo,16999.0,17999.0,5.0,4.4,176013.0,8849.0,6.0,128.0,50MP + 2MP,8MP Front Camera,6500.0,50.0,8.0,2,132.8046875,Midrange,53.14460279176956
"OnePlus Nord CE6 (Pitch Black, 128 GB)",OnePlus,32999.0,40999.0,19.0,4.3,49.0,5.0,8.0,128.0,50MP Rear Camera,2MP Front Camera,8000.0,50.0,2.0,1,257.8046875,Upper Midrange,16.821698923341028
"POCO C75 5G (Silver Stardust, 64 GB)",POCO,10999.0,,,4.2,150025.0,6816.0,4.0,64.0,50MP Rear Camera,5MP Front Camera,5160.0,50.0,5.0,1,171.859375,Budget,50.05796834384321
"realme P3 Lite 5G Charger in the Box (Midnight Lily, 128 GB)",realme,12999.0,,,4.2,12007.0,630.0,4.0,128.0,32MP Rear Camera,8MP Front Camera,6000.0,32.0,8.0,1,101.5546875,Budget,39.45197916791585
"vivo T4x 5G (Glacial Teal, 128 GB)",Vivo,16999.0,17999.0,5.0,4.4,176013.0,8849.0,6.0,128.0,50MP + 2MP,8MP Front Camera,6500.0,50.0,8.0,2,132.8046875,Midrange,53.14460279176956
"vivo T4 5G (Phantom Grey, 128 GB)",Vivo,24999.0,25999.0,3.0,4.4,79727.0,4420.0,8.0,128.0,50MP (OIS) + 2MP,32MP Front Camera,7300.0,50.0,32.0,2,195.3046875,Midrange,49.66005493029323
"MOTOROLA g35 5G (Midnight Black, 128 GB)",MOTOROLA,13999.0,15499.0,9.0,4.2,15182.0,829.0,8.0,128.0,50MP + 8MP,16MP Front Camera,5000.0,50.0,16.0,2,109.3671875,Budget,40.43731297150519
"vivo T4x 5G (Marine Blue, 128 GB)",Vivo,18999.0,19499.0,2.0,4.4,139912.0,7438.0,8.0,128.0,50MP + 2MP,8MP Front Camera,6500.0,50.0,8.0,2,148.4296875,Midrange,52.1346147513543
"vivo T4x 5G (Pronto Purple, 128 GB)",Vivo,18999.0,19499.0,2.0,4.4,139912.0,7438.0,8.0,128.0,50MP + 2MP,8MP Front Camera,6500.0,50.0,8.0,2,148.4296875,Midrange,52.1346147513543
"vivo T4 5G (Phantom Grey, 256 GB)",Vivo,26999.0,27999.0,3.0,4.4,79727.0,4420.0,8.0,256.0,50MP (OIS) + 2MP,32MP Front Camera,7300.0,50.0,32.0,2,105.46484375,Midrange,49.66005493029323
"OPPO Reno14 5G (Pearl White, 256 GB)",OPPO,42999.0,,,4.4,4919.0,497.0,8.0,256.0,50MP + 8MP + 50MP,50MP Front Camera,6000.0,50.0,50.0,3,167.96484375,Upper Midrange,37.40468076173996
"POCO C75 5G (Aqua Bliss, 64 GB)",POCO,10999.0,,,4.2,150025.0,6816.0,4.0,64.0,50MP Rear Camera,5MP Front Camera,5160.0,50.0,5.0,1,171.859375,Budget,50.05796834384321
"MOTOROLA Edge 70 Fusion (Pantone BLUE SURF, 256 GB)",MOTOROLA,32999.0,45999.0,28.0,4.4,8423.0,909.0,8.0,256.0,50MP + 13MP,32MP Front Camera,7000.0,50.0,32.0,2,128.90234375,Upper Midrange,39.77089623678077
"POCO C75 5G (Aqua Bliss, 128 GB)",POCO,11499.0,,,4.2,150025.0,6816.0,4.0,128.0,50MP Rear Camera,5MP Front Camera,5160.0,50.0,5.0,1,89.8359375,Budget,50.05796834384321
"realme P4x 5G (Elegant Pink, 128 GB)",realme,22499.0,23499.0,4.0,4.3,5477.0,422.0,8.0,128.0,50MP + 2MP,8MP Front Camera,7000.0,50.0,8.0,2,175.7734375,Midrange,37.016530004239
"OnePlus Nord CE6 Lite (Hyper Black, 256 GB)",OnePlus,31127.0,36999.0,15.0,4.3,46.0,2.0,8.0,256.0,50MP Rear Camera,50MP Front Camera,7000.0,50.0,50.0,1,121.58984375,Upper Midrange,16.55563468735325
"realme C71 (Sea Blue, 128 GB)",realme,9699.0,10999.0,11.0,4.2,9392.0,358.0,6.0,128.0,13MP Rear Camera,5MP Front Camera,6300.0,13.0,5.0,1,75.7734375,Budget,38.420424041976965
"POCO C71 (Desert Gold, 128 GB)",POCO,9999.0,,,4.1,36600.0,1744.0,6.0,128.0,32MP Rear Camera,8MP Front Camera,5200.0,32.0,8.0,1,78.1171875,Budget,43.08210644982437
"MOTOROLA g35 5G (Guava Red, 128 GB)",MOTOROLA,12499.0,,,4.2,137509.0,8536.0,4.0,128.0,50MP + 8MP,16MP Front Camera,5000.0,50.0,16.0,2,97.6484375,Budget,49.69209806701136
"Samsung Galaxy F06 5G (Bahama Blue, 64 GB)",Samsung,12499.0,,,4.2,45989.0,2938.0,4.0,64.0,50MP + 2MP,8MP Front Camera,5000.0,50.0,8.0,2,195.296875,Budget,45.091952894242674
"Ai+ Nova 2 Ultra 5G (Purple, 128 GB)",Ai+,20999.0,25999.0,19.0,4.3,465.0,133.0,6.0,128.0,50MP + 8MP,13MP Front Camera,6000.0,50.0,13.0,2,164.0546875,Midrange,26.419998226740276
"POCO C51 (Power Black, 64 GB)",POCO,8499.0,9999.0,15.0,4.0,226809.0,12047.0,4.0,64.0,8MP Dual Rear Camera,5MP Front Camera,5000.0,8.0,5.0,1,132.796875,Budget,49.327471766297926
"MOTOROLA Razr 60 (PANTONE Spring Bud, 256 GB)",MOTOROLA,49999.0,54999.0,9.0,4.4,2378.0,167.0,8.0,256.0,50MP + 13MP,32MP Front Camera,4500.0,50.0,32.0,2,195.30859375,Upper Midrange,34.20751624533302
"Samsung Galaxy A07 LTE (Green, 64 GB)",Samsung,9830.0,10499.0,6.0,4.3,542.0,30.0,4.0,64.0,50MP + 2MP,,5000.0,50.0,,2,153.59375,Budget,27.07757007571592
"realme GT 7T (IceSense Black, 512 GB)",realme,35999.0,46999.0,23.0,4.4,906.0,91.0,12.0,512.0,50MP + 8MP,32MP Front Camera,7000.0,50.0,32.0,2,70.310546875,Upper Midrange,29.964626780506602
"realme GT 7T (Racing Yellow, 256 GB)",realme,33999.0,42999.0,20.0,4.4,906.0,91.0,12.0,256.0,50MP + 8MP,32MP Front Camera,7000.0,50.0,32.0,2,132.80859375,Upper Midrange,29.964626780506602
"realme P3 Ultra 5G (Glowing Lunar White, 256 GB)",realme,28999.0,33999.0,14.0,4.4,20809.0,2045.0,8.0,256.0,50MP + 8MP,16MP Front Camera,6000.0,50.0,16.0,2,113.27734375,Midrange,43.75003124530579
"Samsung Galaxy M17 5G (Sapphire Black, 128 GB)",Samsung,14718.0,16499.0,10.0,4.2,879.0,54.0,4.0,128.0,50MP Rear Camera,,5000.0,50.0,,1,114.984375,Budget,28.47567201138346
"Apple iPhone 17 (Mist Blue, 256 GB)",Apple,82900.0,,,4.6,12927.0,821.0,,256.0,48MP + 48MP,18MP Front Camera,,48.0,18.0,2,323.828125,Premium,43.548893591500025
"OPPO Reno14 5G (Forest Green, 256 GB)",OPPO,44999.0,,,4.5,3946.0,359.0,12.0,256.0,50MP + 8MP + 50MP,50MP Front Camera,6000.0,50.0,50.0,3,175.77734375,Upper Midrange,37.26319984048281
"OPPO Reno14 5G (Pearl White, 512 GB)",OPPO,47999.0,,,4.5,3946.0,359.0,12.0,512.0,50MP + 8MP + 50MP,50MP Front Camera,6000.0,50.0,50.0,3,93.748046875,Upper Midrange,37.26319984048281
"Samsung Galaxy F36 5G (Red, 128 GB)",Samsung,21999.0,24499.0,10.0,4.2,5813.0,429.0,8.0,128.0,50MP + 8MP + 2MP,13MP Front Camera,5000.0,50.0,13.0,3,171.8671875,Midrange,36.40570114069905
"MOTOROLA G96 5G (Pantone Greener Pastures, 128 GB)",MOTOROLA,20999.0,,,4.4,89801.0,5025.0,8.0,128.0,50MP + 8MP,32MP Front Camera,5500.0,50.0,32.0,2,164.0546875,Midrange,50.18359511333169
"Ai+ Nova 2 5G (Pink, 128 GB)",Ai+,14999.0,,,4.2,1554.0,95.0,6.0,128.0,50MP Rear Camera,8MP Front Camera,6000.0,50.0,8.0,1,117.1796875,Budget,30.866769463376006
"Ai+ Pulse 2 (Black, 128 GB)",Ai+,11999.0,,,3.8,3095.0,260.0,6.0,128.0,50MP Rear Camera,8MP Front Camera,6000.0,50.0,8.0,1,93.7421875,Budget,30.543891691896548
"Apple iPhone 16 (White, 128 GB)",Apple,69900.0,,,4.6,193584.0,6827.0,,128.0,48MP + 12MP,12MP Front Camera,,48.0,12.0,2,546.09375,Premium,55.99797106882682
"realme 15 Pro 5G (Flowing Silver, 256 GB)",realme,31999.0,39999.0,20.0,4.4,5625.0,435.0,12.0,256.0,50MP + 50MP,50MP Front Camera,7000.0,50.0,50.0,2,124.99609375,Upper Midrange,37.99467755181914
"realme 15 Pro 5G (Silk Purple, 256 GB)",realme,29999.0,37999.0,21.0,4.3,9599.0,864.0,8.0,256.0,50MP + 50MP,50MP Front Camera,7000.0,50.0,50.0,2,117.18359375,Midrange,39.42892902306049
"Apple iPhone 17 Pro (Cosmic Orange, 256 GB)",Apple,134900.0,,,4.7,1963.0,149.0,,256.0,48MP + 48MP + 48MP,18MP Front Camera,,48.0,18.0,3,526.953125,Premium,35.63887089789773
"Samsung Galaxy A26 5G (Mint, 128 GB)",Samsung,24999.0,27999.0,10.0,3.9,424.0,37.0,8.0,128.0,50MP + 8MP,13MP Front Camera,5000.0,50.0,13.0,2,195.3046875,Midrange,23.603147758805225
"OPPO Reno14 5G (Forest Green, 256 GB)",OPPO,42999.0,,,4.4,4919.0,497.0,8.0,256.0,50MP + 8MP + 50MP,50MP Front Camera,6000.0,50.0,50.0,3,167.96484375,Upper Midrange,37.40468076173996
"OPPO K13 Turbo 5G (White Knight, 128 GB)",OPPO,27999.0,33999.0,17.0,4.4,8306.0,593.0,8.0,128.0,50MP + 2MP,16MP Front Camera,7000.0,50.0,16.0,2,218.7421875,Midrange,39.709356772091915
"Samsung Galaxy M06 5G (Blazing Black, 64 GB)",Samsung,11948.0,12499.0,4.0,4.1,663.0,41.0,4.0,64.0,50MP Rear Camera,,5000.0,50.0,,1,186.6875,Budget,26.642956812853374
"POCO C81 (Elite Black, 64 GB)",POCO,11999.0,19999.0,40.0,3.7,72.0,6.0,4.0,64.0,13MP Rear Camera,8MP Front Camera,6300.0,13.0,8.0,1,187.484375,Budget,15.874699932249047
"realme P3 Ultra 5G (Glowing Lunar White, 128 GB)",realme,25999.0,31999.0,18.0,4.4,20809.0,2045.0,8.0,128.0,50MP + 8MP,16MP Front Camera,6000.0,50.0,16.0,2,203.1171875,Midrange,43.75003124530579
"realme P3 Ultra 5G (Neptune Blue, 128 GB)",realme,25999.0,31999.0,18.0,4.4,20809.0,2045.0,8.0,128.0,50MP + 8MP,16MP Front Camera,6000.0,50.0,16.0,2,203.1171875,Midrange,43.75003124530579
"Samsung Galaxy A35 5G (Awesome Navy, 128 GB)",Samsung,18999.0,33999.0,44.0,4.4,77589.0,5025.0,8.0,128.0,50MP + 8MP + 5MP,13MP Front Camera,5000.0,50.0,13.0,3,148.4296875,Midrange,49.540452860307184
"vivo T5 Pro 5G (Glacier Blue, 128 GB)",Vivo,29999.0,55999.0,46.0,4.4,3140.0,363.0,8.0,128.0,50MP + 2MP,32MP Front Camera,9020.0,50.0,32.0,2,234.3671875,Midrange,35.43010459797005
"Samsung Galaxy F06 5G (Lit Violet, 128 GB)",Samsung,15999.0,18999.0,15.0,4.2,24550.0,1681.0,6.0,128.0,50MP + 2MP,8MP Front Camera,5000.0,50.0,8.0,2,124.9921875,Midrange,42.455733035480726
"Google Pixel 10a (Berry, 256 GB)",Google,49999.0,,,4.5,1210.0,139.0,8.0,256.0,48MP + 13MP,13MP Front Camera,5100.0,48.0,13.0,2,195.30859375,Upper Midrange,31.946407845988915
"Ai+ Pulse 2 (Blue, 128 GB)",Ai+,11999.0,,,3.8,3095.0,260.0,6.0,128.0,50MP Rear Camera,8MP Front Camera,6000.0,50.0,8.0,1,93.7421875,Budget,30.543891691896548
"MOTOROLA Edge 60 Fusion 5G (PANTONE Zephyr, 256 GB)",MOTOROLA,27999.0,,,4.4,45312.0,2675.0,12.0,256.0,50MP + 13MP,32MP Front Camera,5500.0,50.0,32.0,2,109.37109375,Midrange,47.17393668248321
"IQOO Z11x 5G (Prismatic Green, 128 GB)",IQOO,22436.0,28999.0,22.0,4.3,525.0,45.0,6.0,128.0,50MP Rear Camera,,7200.0,50.0,,1,175.28125,Midrange,26.94079521477215
"IQOO Z10 Lite 5G (Titanium Blue, 128 GB)",IQOO,15383.0,16999.0,9.0,4.2,3239.0,143.0,4.0,128.0,50MP Rear Camera,,6000.0,50.0,,1,120.1796875,Midrange,33.94998015690278
"realme GT 7T (IceSense Blue, 256 GB)",realme,33999.0,42999.0,20.0,4.4,906.0,91.0,12.0,256.0,50MP + 8MP,32MP Front Camera,7000.0,50.0,32.0,2,132.80859375,Upper Midrange,29.964626780506602
"REDMI Note 15 SE 5G (Frosted White, 256 GB)",REDMI,26999.0,37999.0,28.0,4.3,914.0,107.0,8.0,256.0,50MP Rear Camera,20MP Front Camera,5800.0,50.0,20.0,1,105.46484375,Midrange,29.321373480684738
"MOTOROLA Edge 70 Fusion (Pantone COUNTRY AIR, 256 GB)",MOTOROLA,34999.0,49999.0,30.0,4.3,1707.0,178.0,12.0,256.0,50MP + 13MP,32MP Front Camera,7000.0,50.0,32.0,2,136.71484375,Upper Midrange,32.00523700969862
"MOTOROLA Edge 70 Fusion (Pantone ORIENT BLUE, 128 GB)",MOTOROLA,30999.0,42999.0,27.0,4.4,8423.0,909.0,8.0,128.0,50MP + 13MP,32MP Front Camera,7000.0,50.0,32.0,2,242.1796875,Upper Midrange,39.77089623678077
"vivo T5 Pro 5G (Glacier Blue, 256 GB)",Vivo,33999.0,61999.0,45.0,4.4,3140.0,363.0,8.0,256.0,50MP + 2MP,32MP Front Camera,9020.0,50.0,32.0,2,132.80859375,Upper Midrange,35.43010459797005
"vivo T5 Pro 5G (Cosmic Black, 256 GB)",Vivo,33999.0,61999.0,45.0,4.4,3140.0,363.0,8.0,256.0,50MP + 2MP,32MP Front Camera,9020.0,50.0,32.0,2,132.80859375,Upper Midrange,35.43010459797005
"Apple iPhone 17 Pro (Silver, 256 GB)",Apple,134900.0,,,4.7,1963.0,149.0,,256.0,48MP + 48MP + 48MP,18MP Front Camera,,48.0,18.0,3,526.953125,Premium,35.63887089789773
"Ai+ Pulse 1 (Blue, 128 GB)",Ai+,9999.0,,,4.0,9099.0,572.0,6.0,128.0,50MP Rear Camera,5MP Front Camera,5000.0,50.0,5.0,1,78.1171875,Budget,36.464118770019766
"realme GT 7T (IceSense Blue, 512 GB)",realme,35999.0,46999.0,23.0,4.4,906.0,91.0,12.0,512.0,50MP + 8MP,32MP Front Camera,7000.0,50.0,32.0,2,70.310546875,Upper Midrange,29.964626780506602
"Ai+ Nova 2 5G (Blue, 128 GB)",Ai+,14999.0,,,4.2,1554.0,95.0,6.0,128.0,50MP Rear Camera,8MP Front Camera,6000.0,50.0,8.0,1,117.1796875,Budget,30.866769463376006
"IQOO Z10 Lite 5G (Titanium Blue, 64 GB)",IQOO,14601.0,27999.0,47.0,4.2,3239.0,143.0,4.0,64.0,50MP Rear Camera,,6000.0,50.0,,1,228.140625,Budget,33.94998015690278
"IQOO Z10 Lite 5G (Cyber Green, 64 GB)",IQOO,14594.0,27999.0,47.0,4.2,3239.0,143.0,4.0,64.0,50MP Rear Camera,,6000.0,50.0,,1,228.03125,Budget,33.94998015690278
"realme 15 Pro 5G (Flowing Silver, 256 GB)",realme,29999.0,37999.0,21.0,4.3,9599.0,864.0,8.0,256.0,50MP + 50MP,50MP Front Camera,7000.0,50.0,50.0,2,117.18359375,Midrange,39.42892902306049
"REDMI A7 (Black, 64 GB)",REDMI,11499.0,14999.0,23.0,3.9,36.0,1.0,3.0,64.0,13MP Rear Camera,8MP Front Camera,5200.0,13.0,8.0,1,179.671875,Budget,14.082579859312474
"POCO M7 Plus 5G (Aqua Blue, 128 GB)",POCO,16999.0,17999.0,5.0,4.2,5187.0,342.0,8.0,128.0,50MP AI Dual Camera,,7000.0,50.0,,1,132.8046875,Midrange,35.9272348908326
"Ai+ Pulse 2 (Pink, 64 GB)",Ai+,10999.0,,,4.4,2781.0,149.0,4.0,64.0,50MP Rear Camera,8MP Front Camera,6000.0,50.0,8.0,1,171.859375,Budget,34.89607163892691
"Samsung Galaxy M17e (Blitz Blue, 128 GB)",Samsung,15555.0,20999.0,25.0,4.1,96.0,5.0,6.0,128.0,50MP Rear Camera,2MP Front Camera,6000.0,50.0,2.0,1,121.5234375,Midrange,18.75631501186387
"Apple iPhone 16 (Pink, 128 GB)",Apple,69900.0,,,4.6,193584.0,6827.0,,128.0,48MP + 12MP,12MP Front Camera,,48.0,12.0,2,546.09375,Premium,55.99797106882682
"OnePlus Nord CE6 Lite (Vivid Mint, 256 GB)",OnePlus,31200.0,36999.0,15.0,4.3,46.0,2.0,8.0,256.0,50MP Rear Camera,50MP Front Camera,7000.0,50.0,50.0,1,121.875,Upper Midrange,16.55563468735325
"Infinix GT 30 5G+ Pulse Green 128 (Pulse Green, 128 GB)",Infinix,21999.0,24999.0,12.0,4.4,793.0,52.0,8.0,128.0,64MP + 8MP,13MP Front Camera,5500.0,64.0,13.0,2,171.8671875,Midrange,29.3791672294874
"Apple iPhone 16 (Black, 128 GB)",Apple,69900.0,,,4.6,193584.0,6827.0,,128.0,48MP + 12MP,12MP Front Camera,,48.0,12.0,2,546.09375,Premium,55.99797106882682
"Infinix GT 30 5G+ Cyber Blue 256 (Cyber Blue, 256 GB)",Infinix,23999.0,26999.0,11.0,4.5,225.0,23.0,8.0,256.0,64MP + 8MP,13MP Front Camera,5500.0,64.0,13.0,2,93.74609375,Midrange,24.392407496725287
"Samsung Galaxy F56 5G (Violet, 128 GB)",Samsung,27999.0,30999.0,9.0,4.4,447.0,35.0,8.0,128.0,50MP + 8MP + 2MP,12MP Front Camera,5000.0,50.0,12.0,3,218.7421875,Midrange,26.861090222625936
"IQOO Z11x 5G (Titan Black, 128 GB)",IQOO,24845.0,30999.0,19.0,4.4,780.0,72.0,8.0,128.0,50MP Rear Camera,,7200.0,50.0,,1,194.1015625,Midrange,29.306530659294623
"OPPO K13 5G with 7000mAh and 80W SUPERVOOC Charger In-The-Box (Prism Black, 128 GB)",OPPO,22999.0,,,4.4,73745.0,4963.0,8.0,128.0,50MP + 2MP,16MP Front Camera,7000.0,50.0,16.0,2,179.6796875,Midrange,49.31688095594936
"OPPO K13 Turbo 5G (Purple Phantom, 128 GB)",OPPO,27999.0,33999.0,17.0,4.4,8306.0,593.0,8.0,128.0,50MP + 2MP,16MP Front Camera,7000.0,50.0,16.0,2,218.7421875,Midrange,39.709356772091915
"OPPO K13 Turbo 5G (Purple Phantom, 256 GB)",OPPO,29999.0,35999.0,16.0,4.4,8306.0,593.0,8.0,256.0,50MP + 2MP,16MP Front Camera,7000.0,50.0,16.0,2,117.18359375,Midrange,39.709356772091915
"OPPO K13 Turbo 5G (White Knight, 256 GB)",OPPO,29999.0,35999.0,16.0,4.4,8306.0,593.0,8.0,256.0,50MP + 2MP,16MP Front Camera,7000.0,50.0,16.0,2,117.18359375,Midrange,39.709356772091915
"POCO X8 Pro Charger in the Box (White, 256 GB)",POCO,37999.0,52999.0,28.0,4.4,509.0,76.0,12.0,256.0,50MP + 8MP,20MP Front Camera,6500.0,50.0,20.0,2,148.43359375,Upper Midrange,27.431407193160837
"OnePlus Nord CE6 Lite (Hyper Black, 128 GB)",OnePlus,23716.0,31999.0,25.0,3.8,73.0,7.0,6.0,128.0,50MP Rear Camera,50MP Front Camera,7000.0,50.0,50.0,1,185.28125,Midrange,16.355447354175848
"vivo T5 Pro 5G (Cosmic Black, 128 GB)",Vivo,29999.0,55999.0,46.0,4.4,3140.0,363.0,8.0,128.0,50MP + 2MP,32MP Front Camera,9020.0,50.0,32.0,2,234.3671875,Midrange,35.43010459797005
"Samsung Galaxy M56 5G (Light Green, 256 GB)",Samsung,31990.0,33999.0,5.0,4.4,2330.0,170.0,8.0,256.0,50MP + 50MP + 8MP,12MP + 2MP Dual Front Camera,5000.0,50.0,12.0,3,124.9609375,Upper Midrange,34.11783161175733
"Ai+ Nova 2 Ultra 5G (Red, 128 GB)",Ai+,22999.0,26999.0,14.0,4.3,284.0,117.0,8.0,128.0,50MP + 8MP,13MP Front Camera,6000.0,50.0,13.0,2,179.6796875,Midrange,24.305703475155198
"Google Pixel 10a (Lavender, 256 GB)",Google,49999.0,,,4.5,1210.0,139.0,8.0,256.0,48MP + 13MP,13MP Front Camera,5100.0,48.0,13.0,2,195.30859375,Upper Midrange,31.946407845988915
"Ai+ Nova 2 Ultra 5G (Black, 128 GB)",Ai+,20999.0,25999.0,19.0,4.3,465.0,133.0,6.0,128.0,50MP + 8MP,13MP Front Camera,6000.0,50.0,13.0,2,164.0546875,Midrange,26.419998226740276
"MOTOROLA Edge 60 Pro (Pantone Sparkling Grape, 256 GB)",MOTOROLA,29999.0,36999.0,18.0,4.3,51272.0,3850.0,8.0,256.0,50MP + 50MP + 10MP,50MP Front Camera,6000.0,50.0,50.0,3,117.18359375,Midrange,46.63315418031144
"realme GT 7T (Racing Yellow, 256 GB)",realme,32999.0,39999.0,17.0,4.3,1505.0,177.0,8.0,256.0,50MP + 8MP,32MP Front Camera,7000.0,50.0,32.0,2,128.90234375,Upper Midrange,31.464013355947305
"REDMI A7 Pro (Black, 64 GB)",REDMI,12499.0,15999.0,21.0,3.7,100.0,10.0,4.0,64.0,13MP Rear Camera,8MP Front Camera,6300.0,13.0,8.0,1,195.296875,Budget,17.075945912312662
"MOTOROLA Edge 60 Fusion 5G (PANTONE Slipstream, 256 GB)",MOTOROLA,27999.0,,,4.4,45312.0,2675.0,12.0,256.0,50MP + 13MP,32MP Front Camera,5500.0,50.0,32.0,2,109.37109375,Midrange,47.17393668248321
"realme P3 Ultra 5G (Glowing Lunar White, 256 GB)",realme,31999.0,35999.0,11.0,4.4,4414.0,399.0,12.0,256.0,50MP + 8MP,16MP Front Camera,6000.0,50.0,16.0,2,124.99609375,Upper Midrange,36.928157697367475
"realme P3 Ultra 5G (Orion Red, 256 GB)",realme,31999.0,35999.0,11.0,4.4,4414.0,399.0,12.0,256.0,50MP + 8MP,16MP Front Camera,6000.0,50.0,16.0,2,124.99609375,Upper Midrange,36.928157697367475
"realme P3 Ultra 5G (Neptune Blue, 256 GB)",realme,31999.0,35999.0,11.0,4.4,4414.0,399.0,12.0,256.0,50MP + 8MP,16MP Front Camera,6000.0,50.0,16.0,2,124.99609375,Upper Midrange,36.928157697367475
"realme P3 Ultra 5G (Orion Red, 256 GB)",realme,28999.0,33999.0,14.0,4.4,20809.0,2045.0,8.0,256.0,50MP + 8MP,16MP Front Camera,6000.0,50.0,16.0,2,113.27734375,Midrange,43.75003124530579
"IQOO Z10R 5G (Moonstone, 256 GB)",IQOO,27500.0,27999.0,1.0,4.4,5328.0,318.0,8.0,256.0,50MP Rear Camera,,5700.0,50.0,,1,107.421875,Midrange,37.75604308210584
"OPPO K13 5G with 7000mAh and 80W SUPERVOOC Charger In-The-Box (Icy Purple, 256 GB)",OPPO,24999.0,,,4.4,73745.0,4963.0,8.0,256.0,50MP + 2MP,16MP Front Camera,7000.0,50.0,16.0,2,97.65234375,Midrange,49.31688095594936
"Samsung Galaxy M17 5G (Moonlight Silver, 128 GB)",Samsung,19376.0,19499.0,0.63,4.4,90.0,7.0,8.0,128.0,50MP Rear Camera,,5000.0,50.0,,1,151.375,Midrange,19.84778182867414
"OnePlus Nord CE6 (Lunar Pearl, 128 GB)",OnePlus,33114.0,40999.0,19.0,4.3,49.0,5.0,8.0,128.0,50MP Rear Camera,2MP Front Camera,8000.0,50.0,2.0,1,258.703125,Upper Midrange,16.821698923341028
"realme 15T 5G (Suit Titanium, 128 GB)",realme,27999.0,31999.0,12.0,4.2,6398.0,448.0,8.0,128.0,50MP + 2MP,50MP Front Camera,7000.0,50.0,50.0,2,218.7421875,Midrange,36.808367429985736
"MOTOROLA Edge 70 Fusion (Pantone ORIENT BLUE, 256 GB)",MOTOROLA,34999.0,49999.0,30.0,4.3,1707.0,178.0,12.0,256.0,50MP + 13MP,32MP Front Camera,7000.0,50.0,32.0,2,136.71484375,Upper Midrange,32.00523700969862
"realme 15 Pro 5G (Velvet Green, 256 GB)",realme,31999.0,39999.0,20.0,4.4,5625.0,435.0,12.0,256.0,50MP + 50MP,50MP Front Camera,7000.0,50.0,50.0,2,124.99609375,Upper Midrange,37.99467755181914
"POCO M8 Charger in the Box (Glacial Blue, 128 GB)",POCO,19999.0,25999.0,23.0,4.3,1521.0,156.0,6.0,128.0,50MP Rear Camera,20MP Front Camera,5520.0,50.0,20.0,1,156.2421875,Midrange,31.509456315213015
"MOTOROLA g37 power (PANTONE Capri, 128 GB)",MOTOROLA,19999.0,30499.0,34.0,4.3,4.0,1.0,4.0,128.0,50MP Rear Camera,8MP Front Camera,7000.0,50.0,8.0,1,156.2421875,Midrange,6.920583023466631
"Apple iPhone 16 (Ultramarine, 128 GB)",Apple,69900.0,,,4.6,193584.0,6827.0,,128.0,48MP + 12MP,12MP Front Camera,,48.0,12.0,2,546.09375,Premium,55.99797106882682
"Nothing Phone (4a) Pro (Silver, 256 GB)",Nothing,55999.0,,,4.6,937.0,110.0,12.0,256.0,50MP + 50MP + 8MP,32MP Front Camera,5400.0,50.0,32.0,3,218.74609375,Premium,31.48124976542863
"OPPO K13 Turbo 5G (Midnight Maverick, 128 GB)",OPPO,27999.0,33999.0,17.0,4.4,8306.0,593.0,8.0,128.0,50MP + 2MP,16MP Front Camera,7000.0,50.0,16.0,2,218.7421875,Midrange,39.709356772091915
"OPPO K13 Turbo 5G (Midnight Maverick, 256 GB)",OPPO,29999.0,35999.0,16.0,4.4,8306.0,593.0,8.0,256.0,50MP + 2MP,16MP Front Camera,7000.0,50.0,16.0,2,117.18359375,Midrange,39.709356772091915
"POCO X8 Pro Charger in the Box (White, 256 GB)",POCO,34999.0,50999.0,31.0,4.3,1661.0,325.0,8.0,256.0,50MP + 8MP,20MP Front Camera,6500.0,50.0,20.0,2,136.71484375,Upper Midrange,31.887840994286194
"realme P4x 5G (Lake Green, 128 GB)",realme,22499.0,23499.0,4.0,4.3,5477.0,422.0,8.0,128.0,50MP + 2MP,8MP Front Camera,7000.0,50.0,8.0,2,175.7734375,Midrange,37.016530004239
"Samsung Galaxy S25 5G (Icyblue, 256 GB)",Samsung,80999.0,,,4.6,3544.0,405.0,12.0,256.0,50MP + 10MP + 12MP,12MP Front Camera,4000.0,50.0,12.0,3,316.40234375,Premium,37.59714981924465
"Nothing Phone (4a) Pro (Black, 256 GB)",Nothing,55999.0,,,4.6,937.0,110.0,12.0,256.0,50MP + 50MP + 8MP,32MP Front Camera,5400.0,50.0,32.0,3,218.74609375,Premium,31.48124976542863
"Infinix Note 50s 5G+ (Marine Drift, 128 GB)",Infinix,19999.0,,,4.3,10956.0,723.0,6.0,128.0,64MP + 2MP,13MP Front Camera,5500.0,64.0,13.0,2,156.2421875,Midrange,39.99745534174319
"realme P3 Ultra 5G (Neptune Blue, 256 GB)",realme,28999.0,33999.0,14.0,4.4,20809.0,2045.0,8.0,256.0,50MP + 8MP,16MP Front Camera,6000.0,50.0,16.0,2,113.27734375,Midrange,43.75003124530579
"IQOO Z11x 5G (Prismatic Green, 128 GB)",IQOO,23161.0,30999.0,25.0,4.4,780.0,72.0,8.0,128.0,50MP Rear Camera,,7200.0,50.0,,1,180.9453125,Midrange,29.306530659294623
"Nothing Phone (4a) Snapdragon (Black, 128 GB)",Nothing,37999.0,40999.0,7.0,4.4,4214.0,447.0,8.0,128.0,50MP + 50MP + 8MP,32MP Front Camera,5400.0,50.0,32.0,3,296.8671875,Upper Midrange,36.72418142991821
"Samsung Galaxy M56 5G (Light Green, 128 GB)",Samsung,24885.0,30999.0,19.0,4.4,2330.0,170.0,8.0,128.0,50MP + 50MP + 8MP,12MP + 2MP Dual Front Camera,5000.0,50.0,12.0,3,194.4140625,Midrange,34.11783161175733
"Samsung Galaxy A17 5G Charger in the Box (Blue, 128 GB)",Samsung,19499.0,21999.0,11.0,4.3,1188.0,86.0,6.0,128.0,50MP + 5MP + 2MP,13MP Front Camera,5000.0,50.0,13.0,3,152.3359375,Midrange,30.447731955770358
"realme GT 7T (IceSense Black, 256 GB)",realme,33999.0,42999.0,20.0,4.4,906.0,91.0,12.0,256.0,50MP + 8MP,32MP Front Camera,7000.0,50.0,32.0,2,132.80859375,Upper Midrange,29.964626780506602
"Apple iPhone 16 Plus (Teal, 128 GB)",Apple,79900.0,,,4.6,4059.0,250.0,,128.0,48MP + 12MP,12MP Front Camera,,48.0,12.0,2,624.21875,Premium,38.221115961940576
"IQOO Z10 Lite 5G (Cyber Green, 128 GB)",IQOO,15699.0,16999.0,7.0,4.2,3239.0,143.0,4.0,128.0,50MP Rear Camera,,6000.0,50.0,,1,122.6484375,Midrange,33.94998015690278
"Ai+ Nova 2 Ultra 5G (Black, 128 GB)",Ai+,22999.0,26999.0,14.0,4.3,284.0,117.0,8.0,128.0,50MP + 8MP,13MP Front Camera,6000.0,50.0,13.0,2,179.6796875,Midrange,24.305703475155198
"IQOO Z10R 5G (Aquamarine, 256 GB)",IQOO,27666.0,27999.0,1.0,4.4,5328.0,318.0,8.0,256.0,50MP Rear Camera,,5700.0,50.0,,1,108.0703125,Midrange,37.75604308210584
"Samsung M36 5G (Light Green, 256 GB)",Samsung,26901.0,29999.0,10.0,4.1,849.0,59.0,8.0,256.0,50MP Rear Camera,,5000.0,50.0,,1,105.08203125,Midrange,27.655469032885883
"MOTOROLA Edge 60 Pro (Pantone Walnut, 256 GB)",MOTOROLA,29999.0,36999.0,18.0,4.3,51272.0,3850.0,8.0,256.0,50MP + 50MP + 10MP,50MP Front Camera,6000.0,50.0,50.0,3,117.18359375,Midrange,46.63315418031144
"Samsung Galaxy S26 5G (Black, 512 GB)",Samsung,107999.0,,,4.6,308.0,99.0,12.0,512.0,50MP + 12MP,12MP Front Camera,4300.0,50.0,12.0,2,210.935546875,Premium,26.37336987372963
"Samsung Galaxy S26 5G (Sky Blue, 512 GB)",Samsung,107999.0,,,4.6,308.0,99.0,12.0,512.0,50MP + 12MP,12MP Front Camera,4300.0,50.0,12.0,2,210.935546875,Premium,26.37336987372963
"Samsung Galaxy S26 5G (Sky Blue, 256 GB)",Samsung,87999.0,,,4.6,308.0,99.0,12.0,256.0,50MP + 12MP,12MP Front Camera,4300.0,50.0,12.0,2,343.74609375,Premium,26.37336987372963
"Samsung Galaxy S26 5G (Black, 256 GB)",Samsung,87999.0,,,4.6,308.0,99.0,12.0,256.0,50MP + 12MP,12MP Front Camera,4300.0,50.0,12.0,2,343.74609375,Premium,26.37336987372963
"Samsung Galaxy S26 5G (White, 512 GB)",Samsung,107999.0,,,4.6,308.0,99.0,12.0,512.0,50MP + 12MP,12MP Front Camera,4300.0,50.0,12.0,2,210.935546875,Premium,26.37336987372963
"Samsung Galaxy S26 5G (Cobalt Violet, 256 GB)",Samsung,87999.0,,,4.6,308.0,99.0,12.0,256.0,50MP + 12MP,12MP Front Camera,4300.0,50.0,12.0,2,343.74609375,Premium,26.37336987372963
"Infinix Note 50s 5G+ (Titanium Grey, 128 GB)",Infinix,19999.0,,,4.3,10956.0,723.0,6.0,128.0,64MP + 2MP,13MP Front Camera,5500.0,64.0,13.0,2,156.2421875,Midrange,39.99745534174319
"REDMI A7 (Blue, 64 GB)",REDMI,11499.0,14999.0,23.0,3.9,36.0,1.0,3.0,64.0,13MP Rear Camera,8MP Front Camera,5200.0,13.0,8.0,1,179.671875,Budget,14.082579859312474
"Samsung Galaxy A17 5G (Gray, 256 GB)",Samsung,25499.0,,,4.3,1169.0,93.0,8.0,256.0,50MP + 5MP + 2MP,13MP Front Camera,5000.0,50.0,13.0,3,99.60546875,Midrange,30.37846381950475
"IQOO Z11x 5G (Prismatic Green, 256 GB)",IQOO,27958.0,33999.0,17.0,4.4,780.0,72.0,8.0,256.0,50MP Rear Camera,,7200.0,50.0,,1,109.2109375,Midrange,29.306530659294623
"IQOO Z11x 5G (Titan Black, 256 GB)",IQOO,27989.0,33999.0,17.0,4.4,780.0,72.0,8.0,256.0,50MP Rear Camera,,7200.0,50.0,,1,109.33203125,Midrange,29.306530659294623
"Samsung Galaxy S25 5G (Mint, 256 GB)",Samsung,80999.0,,,4.6,3544.0,405.0,12.0,256.0,50MP + 10MP + 12MP,12MP Front Camera,4000.0,50.0,12.0,3,316.40234375,Premium,37.59714981924465
"realme 15 Pro 5G (Silk Purple, 256 GB)",realme,31999.0,39999.0,20.0,4.4,5625.0,435.0,12.0,256.0,50MP + 50MP,50MP Front Camera,7000.0,50.0,50.0,2,124.99609375,Upper Midrange,37.99467755181914
"Samsung Galaxy A17 5G (Blue, 128 GB)",Samsung,22499.0,,,4.3,1169.0,93.0,8.0,128.0,50MP + 5MP + 2MP,13MP Front Camera,5000.0,50.0,13.0,3,175.7734375,Midrange,30.37846381950475
"MOTOROLA Signature (PANTONE Carbon, 1 TB)",MOTOROLA,67499.0,84999.0,20.0,4.5,572.0,95.0,16.0,1024.0,50MP + 50MP + 50MP,50MP Front Camera,5200.0,50.0,50.0,3,65.9169921875,Premium,28.57898572521633
"Samsung M36 5G (Orange Haze / Orange, 128 GB)",Samsung,22999.0,29999.0,23.0,4.1,849.0,59.0,8.0,128.0,50MP Rear Camera,,5000.0,50.0,,1,179.6796875,Midrange,27.655469032885883
"REDMI 15A (Amaze Purple, 128 GB)",REDMI,15999.0,17999.0,11.0,3.9,276.0,23.0,4.0,128.0,32MP Rear Camera,8MP Front Camera,6300.0,32.0,8.0,1,124.9921875,Midrange,21.93366827413062
"OPPO K13 Turbo Pro 5G (Purple Phantom, 256 GB)",OPPO,33999.0,44999.0,24.0,4.5,557.0,52.0,12.0,256.0,50MP + 2MP,16MP Front Camera,7000.0,50.0,16.0,2,132.80859375,Upper Midrange,28.4596153307159
"OPPO Reno15 5G (Aurora Blue, 256 GB)",OPPO,47999.0,49999.0,4.0,4.5,681.0,70.0,8.0,256.0,50MP + 50MP + 8MP,,6500.0,50.0,,3,187.49609375,Upper Midrange,29.36263346029558
"MOTOROLA Signature (PANTONE Martini Olive, 512 GB)",MOTOROLA,62499.0,79999.0,21.0,4.5,572.0,95.0,16.0,512.0,50MP + 50MP + 50MP,50MP Front Camera,5200.0,50.0,50.0,3,122.068359375,Premium,28.57898572521633
"Samsung Galaxy F16 5G (Vibing Blue, 128 GB)",Samsung,13999.0,17499.0,20.0,4.2,10485.0,662.0,6.0,128.0,50MP + 5MP + 2MP,13MP Front Camera,5000.0,50.0,13.0,3,109.3671875,Budget,38.88274451515641
"MOTOROLA Edge 70 (PANTONE Bronze Green, 256 GB)",MOTOROLA,29999.0,34999.0,14.0,4.4,3963.0,396.0,8.0,256.0,50MP + 50MP,50MP Front Camera,5000.0,50.0,50.0,2,117.18359375,Midrange,36.45403913997947
"POCO M8 Charger in the Box (Carbon Black, 128 GB)",POCO,19999.0,25999.0,23.0,4.3,1521.0,156.0,6.0,128.0,50MP Rear Camera,20MP Front Camera,5520.0,50.0,20.0,1,156.2421875,Midrange,31.509456315213015
"MOTOROLA Edge 70 (PANTONE Lily Pad, 256 GB)",MOTOROLA,29999.0,34999.0,14.0,4.4,3963.0,396.0,8.0,256.0,50MP + 50MP,50MP Front Camera,5000.0,50.0,50.0,2,117.18359375,Midrange,36.45403913997947
"vivo Y21 5G (Midnight Blue, 128 GB)",Vivo,18999.0,32999.0,42.0,4.0,21.0,2.0,4.0,128.0,50MP + 0.08MP,5MP Front Camera,6500.0,50.0,5.0,2,148.4296875,Midrange,12.364169813433264
"realme 14 Pro+ 5G (Pearl White, 256 GB)",realme,31999.0,35999.0,11.0,4.4,21823.0,2441.0,8.0,256.0,50MP + 50MP + 8MP,32MP Front Camera,6000.0,50.0,32.0,3,124.99609375,Upper Midrange,43.959368466830036
"Nothing Phone (4a) (White, 128 GB)",Nothing,37999.0,40999.0,7.0,4.4,4214.0,447.0,8.0,128.0,50MP + 50MP + 8MP,32MP Front Camera,5400.0,50.0,32.0,3,296.8671875,Upper Midrange,36.72418142991821
"OPPO K13 Turbo Pro 5G (Midnight Maverick, 256 GB)",OPPO,31999.0,41999.0,23.0,4.4,314.0,26.0,8.0,256.0,50MP + 2MP,16MP Front Camera,7000.0,50.0,16.0,2,124.99609375,Upper Midrange,25.311319610832786
"REDMI 15 5G (Sandy Purple, 256 GB)",REDMI,24499.0,24999.0,2.0,4.3,4298.0,212.0,8.0,256.0,50MP Rear Camera,,7000.0,50.0,,1,95.69921875,Midrange,35.97439218093401
"REDMI 15 5G (Frosted White, 256 GB)",REDMI,24495.0,24999.0,2.0,4.3,4298.0,212.0,8.0,256.0,50MP Rear Camera,,7000.0,50.0,,1,95.68359375,Midrange,35.97439218093401
"realme P4 5G (Forge Red, 128 GB)",realme,20999.0,,,4.4,21424.0,1452.0,6.0,128.0,50MP + 8MP,16MP Front Camera,7000.0,50.0,16.0,2,164.0546875,Midrange,43.87818047125032
"Samsung Galaxy F70e 5G (Spotlight Blue, 128 GB)",Samsung,17499.0,18999.0,7.0,4.2,2127.0,200.0,6.0,128.0,50MP + 2MP,8MP Front Camera,6000.0,50.0,8.0,2,136.7109375,Midrange,32.18433897193845
"IQOO 15R 5G (Triumph Silver, 256 GB)",IQOO,51470.0,56999.0,9.0,4.6,98.0,12.0,12.0,256.0,50MP Rear Camera,,7600.0,50.0,,1,201.0546875,Premium,21.137551310619113
"REDMI Note 15 SE 5G (Carbon Black, 256 GB)",REDMI,26999.0,37999.0,28.0,4.3,914.0,107.0,8.0,256.0,50MP Rear Camera,20MP Front Camera,5800.0,50.0,20.0,1,105.46484375,Midrange,29.321373480684738
"Tecno Pova Slim 5G (Sky Blue, 128 GB)",Tecno,20999.0,24999.0,16.0,4.3,1216.0,85.0,8.0,128.0,50MP + 2MP,13MP Front Camera,5160.0,50.0,13.0,2,164.0546875,Midrange,30.547819599846363
"Samsung Galaxy A36 5G (Awesome Lavender, 256 GB)",Samsung,31400.0,38999.0,19.0,4.3,2249.0,178.0,8.0,256.0,50MP + 8MP,12MP Front Camera,5000.0,50.0,12.0,2,122.65625,Upper Midrange,33.190347629353404
"Samsung Galaxy A06 5G (Black, 128 GB)",Samsung,15999.0,18499.0,13.0,4.1,160.0,10.0,6.0,128.0,50MP + 2MP,8MP Front Camera,5000.0,50.0,8.0,2,124.9921875,Midrange,20.833757896436296
"OnePlus Nord CE6 (Lunar Pearl, 256 GB)",OnePlus,36198.0,43999.0,17.0,4.3,49.0,5.0,8.0,256.0,50MP Rear Camera,2MP Front Camera,8000.0,50.0,2.0,1,141.3984375,Upper Midrange,16.821698923341028
"OnePlus Nord CE6 (Fresh Blue, 128 GB)",OnePlus,33095.0,40999.0,19.0,4.3,49.0,5.0,8.0,128.0,50MP Rear Camera,2MP Front Camera,8000.0,50.0,2.0,1,258.5546875,Upper Midrange,16.821698923341028
"Samsung Galaxy S25 FE 5G (White, 256 GB)",Samsung,65999.0,,,4.6,1280.0,128.0,8.0,256.0,50MP + 12MP + 8MP,12MP Front Camera,4900.0,50.0,12.0,3,257.80859375,Premium,32.91482298872497
"Infinix GT 30 5G+ Blade White 128 (Blade White, 128 GB)",Infinix,21999.0,24999.0,12.0,4.4,181.0,13.0,8.0,128.0,64MP + 8MP,13MP Front Camera,5500.0,64.0,13.0,2,171.8671875,Midrange,22.8976294231379
"MOTOROLA edge 70 pro (Marble - PANTONE Lily white (white), 256 GB)",MOTOROLA,39999.0,51999.0,23.0,4.4,153.0,23.0,8.0,256.0,50MP + 50MP,50MP Front Camera,6500.0,50.0,50.0,2,156.24609375,Upper Midrange,22.16259145061997
"Samsung Galaxy A06 5G (Black, 64 GB)",Samsung,12290.0,13999.0,12.0,4.1,3656.0,236.0,4.0,64.0,50MP + 2MP,8MP Front Camera,5000.0,50.0,8.0,2,192.03125,Budget,33.63803351441246
"POCO C71 (Cool Blue, 64 GB)",POCO,8999.0,,,3.8,61157.0,2776.0,4.0,64.0,32MP Rear Camera,8MP Front Camera,5200.0,32.0,8.0,1,140.609375,Budget,41.880620641906575
"POCO C61 (Ethereal Blue, 64 GB)",POCO,7499.0,8999.0,16.0,4.1,112371.0,4633.0,4.0,64.0,8MP Rear Camera,5MP Front Camera,5000.0,8.0,5.0,1,117.171875,Budget,47.681237307862084
"POCO C71 (Desert Gold, 64 GB)",POCO,8999.0,,,3.8,61157.0,2776.0,4.0,64.0,32MP Rear Camera,8MP Front Camera,5200.0,32.0,8.0,1,140.609375,Budget,41.880620641906575
"Apple iPhone 14 (Blue, 128 GB)",Apple,54900.0,,,4.6,284400.0,11307.0,,128.0,12MP + 12MP,12MP Front Camera,,12.0,12.0,2,428.90625,Premium,57.767446268165436
"POCO C71  - Locked with Airtel Prepaid (Cool Blue, 64 GB)",POCO,8999.0,,,3.8,61157.0,2776.0,4.0,64.0,32MP Rear Camera,8MP Front Camera,5200.0,32.0,8.0,1,140.609375,Budget,41.880620641906575
"POCO C61 (Mystical Green, 64 GB)",POCO,7499.0,8999.0,16.0,4.1,112371.0,4633.0,4.0,64.0,8MP Rear Camera,5MP Front Camera,5000.0,8.0,5.0,1,117.171875,Budget,47.681237307862084
"POCO M6 5G (Orion Blue, 64 GB)",POCO,8999.0,11999.0,25.0,4.1,141836.0,7199.0,4.0,64.0,50MP Rear Camera,5MP Front Camera,5000.0,50.0,5.0,1,140.609375,Budget,48.635978538722
"POCO C61 (Mystical Green, 64 GB)",POCO,6780.0,8999.0,24.0,4.1,112371.0,4633.0,4.0,64.0,8MP Rear Camera,5MP Front Camera,5000.0,8.0,5.0,1,105.9375,Budget,47.681237307862084
"MOTOROLA g24 Power (Ink blue, 128 GB)",MOTOROLA,10999.0,12999.0,15.0,4.2,13035.0,888.0,8.0,128.0,50MP + 2MP,16MP Front Camera,6000.0,50.0,16.0,2,85.9296875,Budget,39.7969741678213
"POCO C65 (Pastel Blue, 128 GB)",POCO,8499.0,10999.0,22.0,4.3,103344.0,4978.0,4.0,128.0,50MP + AI Lens + 2MP,8MP Front Camera,5000.0,50.0,8.0,2,66.3984375,Budget,49.64706119397752
"POCO C75 5G (Silver Stardust, 128 GB)",POCO,11499.0,,,4.2,150025.0,6816.0,4.0,128.0,50MP Rear Camera,5MP Front Camera,5160.0,50.0,5.0,1,89.8359375,Budget,50.05796834384321
"Motorola G34 5G (Ice Blue, 128 GB)",MOTOROLA,14999.0,,,4.2,143271.0,9785.0,8.0,128.0,50MP + 2MP,16MP Front Camera,5000.0,50.0,16.0,2,117.1796875,Budget,49.86450084187562
"POCO C65 (Pastel Green, 128 GB)",POCO,8499.0,10999.0,22.0,4.3,103344.0,4978.0,4.0,128.0,50MP + AI Lens + 2MP,8MP Front Camera,5000.0,50.0,8.0,2,66.3984375,Budget,49.64706119397752
"POCO C61  - Locked with Airtel Prepaid (Ethereal Blue, 64 GB)",POCO,7499.0,8999.0,16.0,4.1,112371.0,4633.0,4.0,64.0,8MP Rear Camera,5MP Front Camera,5000.0,8.0,5.0,1,117.171875,Budget,47.681237307862084
"MOTOROLA g24 Power (Glacier Blue, 128 GB)",MOTOROLA,10999.0,12999.0,15.0,4.2,13035.0,888.0,8.0,128.0,50MP + 2MP,16MP Front Camera,6000.0,50.0,16.0,2,85.9296875,Budget,39.7969741678213
"POCO C75 5G (Enchanted Green, 128 GB)",POCO,11499.0,,,4.2,150025.0,6816.0,4.0,128.0,50MP Rear Camera,5MP Front Camera,5160.0,50.0,5.0,1,89.8359375,Budget,50.05796834384321
"Apple iPhone 14 (Starlight, 128 GB)",Apple,54900.0,,,4.6,284400.0,11307.0,,128.0,12MP + 12MP,12MP Front Camera,,12.0,12.0,2,428.90625,Premium,57.767446268165436
"MOTOROLA g24 Power (Glacier Blue, 128 GB)",MOTOROLA,9999.0,11999.0,16.0,4.2,15474.0,1119.0,4.0,128.0,50MP + 2MP,16MP Front Camera,6000.0,50.0,16.0,2,78.1171875,Budget,40.51732060972174
"Motorola g45 5G (Pantone Moss, 128 GB)",MOTOROLA,11999.0,14999.0,20.0,4.3,230227.0,12043.0,8.0,128.0,50MP + 2MP,16MP Front Camera,5000.0,50.0,16.0,2,93.7421875,Budget,53.09134922531254
"POCO C61 (Ethereal Blue, 64 GB)",POCO,6890.0,8999.0,23.0,4.1,112371.0,4633.0,4.0,64.0,8MP Rear Camera,5MP Front Camera,5000.0,8.0,5.0,1,107.65625,Budget,47.681237307862084
"POCO C61 (Diamond Dust Black, 64 GB)",POCO,7499.0,8999.0,16.0,4.1,112371.0,4633.0,4.0,64.0,8MP Rear Camera,5MP Front Camera,5000.0,8.0,5.0,1,117.171875,Budget,47.681237307862084
"CMF by Nothing Phone 1 (Light Green, 128 GB)",CMF,15999.0,19999.0,20.0,4.4,75355.0,5405.0,6.0,128.0,50MP + 2MP,16MP Front Camera,5000.0,50.0,16.0,2,124.9921875,Midrange,49.411906848855175
"POCO M6 5G (Galactic Black, 64 GB)",POCO,8999.0,11999.0,25.0,4.1,141836.0,7199.0,4.0,64.0,50MP Rear Camera,5MP Front Camera,5000.0,50.0,5.0,1,140.609375,Budget,48.635978538722
"Infinix SMART 10 (Twilight Gold, 64 GB)",Infinix,11999.0,,,4.3,1148.0,74.0,4.0,64.0,8MP Rear Camera,8MP Front Camera,5000.0,8.0,8.0,1,187.484375,Budget,30.300583294749647
"Motorola G34 5G (Charcoal Black, 128 GB)",MOTOROLA,14999.0,,,4.2,143271.0,9785.0,8.0,128.0,50MP + 2MP,16MP Front Camera,5000.0,50.0,16.0,2,117.1796875,Budget,49.86450084187562
"vivo T4 Lite 5G Charger in the Box (Titanium Gold, 128 GB)",Vivo,14999.0,,,4.3,48958.0,1827.0,6.0,128.0,50MP + 2MP,5MP Front Camera,6000.0,50.0,5.0,2,117.1796875,Budget,46.434575516206365
"POCO M6 5G (Polaris Green, 64 GB)",POCO,8999.0,11999.0,25.0,4.1,141836.0,7199.0,4.0,64.0,50MP Rear Camera,5MP Front Camera,5000.0,50.0,5.0,1,140.609375,Budget,48.635978538722
"CMF by Nothing Phone 1 (Light Green, 128 GB)",CMF,17999.0,21999.0,18.0,4.4,24861.0,1732.0,8.0,128.0,50MP + 2MP,16MP Front Camera,5000.0,50.0,16.0,2,140.6171875,Midrange,44.53282157434731
"POCO C61 (Ethereal Blue, 128 GB)",POCO,8499.0,9999.0,15.0,4.2,8814.0,318.0,6.0,128.0,8MP Rear Camera,5MP Front Camera,5000.0,8.0,5.0,1,66.3984375,Budget,38.15368239829428
"MOTOROLA G04 (Sea Green, 128 GB)",MOTOROLA,7999.0,10999.0,27.0,4.1,7264.0,523.0,8.0,128.0,16MP Rear Camera,5MP Front Camera,5000.0,16.0,5.0,1,62.4921875,Budget,36.45237666161797
"Infinix SMART 10 (Sleek Black, 64 GB)",Infinix,11999.0,,,4.3,1148.0,74.0,4.0,64.0,8MP Rear Camera,8MP Front Camera,5000.0,8.0,8.0,1,187.484375,Budget,30.300583294749647
"POCO C51 - Locked with Airtel Prepaid (Royal Blue, 64 GB)",POCO,8499.0,9999.0,15.0,4.0,226809.0,12047.0,4.0,64.0,8MP Dual Rear Camera,5MP Front Camera,5000.0,8.0,5.0,1,132.796875,Budget,49.327471766297926
"POCO C71 (Power Black, 64 GB)",POCO,8999.0,,,3.8,61157.0,2776.0,4.0,64.0,32MP Rear Camera,8MP Front Camera,5200.0,32.0,8.0,1,140.609375,Budget,41.880620641906575
"POCO C61  - Locked with Airtel Prepaid (Diamond Dust Black, 64 GB)",POCO,7499.0,8999.0,16.0,4.1,112371.0,4633.0,4.0,64.0,8MP Rear Camera,5MP Front Camera,5000.0,8.0,5.0,1,117.171875,Budget,47.681237307862084
"MOTOROLA g35 5G (Midnight Black, 128 GB)",MOTOROLA,12499.0,,,4.2,137509.0,8536.0,4.0,128.0,50MP + 8MP,16MP Front Camera,5000.0,50.0,16.0,2,97.6484375,Budget,49.69209806701136
"CMF by Nothing Phone 1 (Orange, 128 GB)",CMF,15999.0,19999.0,20.0,4.4,75355.0,5405.0,6.0,128.0,50MP + 2MP,16MP Front Camera,5000.0,50.0,16.0,2,124.9921875,Midrange,49.411906848855175
"Infinix SMART 10 (Titanium Silver, 64 GB)",Infinix,11999.0,,,4.3,1148.0,74.0,4.0,64.0,8MP Rear Camera,8MP Front Camera,5000.0,8.0,8.0,1,187.484375,Budget,30.300583294749647
"Motorola g45 5G (Brilliant Green, 128 GB)",MOTOROLA,11999.0,14999.0,20.0,4.3,230227.0,12043.0,8.0,128.0,50MP + 2MP,16MP Front Camera,5000.0,50.0,16.0,2,93.7421875,Budget,53.09134922531254
"Infinix SMART 10 (Iris Blue, 64 GB)",Infinix,11999.0,,,4.3,1148.0,74.0,4.0,64.0,8MP Rear Camera,8MP Front Camera,5000.0,8.0,8.0,1,187.484375,Budget,30.300583294749647
"Motorola g45 5G (Brilliant Blue, 128 GB)",MOTOROLA,11999.0,14999.0,20.0,4.3,230227.0,12043.0,8.0,128.0,50MP + 2MP,16MP Front Camera,5000.0,50.0,16.0,2,93.7421875,Budget,53.09134922531254
"vivo T4 Lite 5G Charger in the Box (Titanium Gold, 64 GB)",Vivo,12999.0,,,4.3,35507.0,1288.0,4.0,64.0,50MP + 2MP,5MP Front Camera,6000.0,50.0,5.0,2,203.109375,Budget,45.0533071994093
"MOTOROLA g24 Power (Ink blue, 128 GB)",MOTOROLA,9999.0,11999.0,16.0,4.2,15474.0,1119.0,4.0,128.0,50MP + 2MP,16MP Front Camera,6000.0,50.0,16.0,2,78.1171875,Budget,40.51732060972174
"Infinix Smart 8 Plus (Timber Black, 128 GB)",Infinix,7799.0,9999.0,22.0,4.3,13190.0,789.0,4.0,128.0,50MP + AI Lens,8MP Front Camera,6000.0,50.0,8.0,1,60.9296875,Budget,40.79534724875035
"Samsung Galaxy F05 (Twilight Blue, 64 GB)",Samsung,6499.0,9999.0,35.0,4.2,78049.0,4245.0,4.0,64.0,50MP + 2MP,8MP Front Camera,5000.0,50.0,8.0,2,101.546875,Budget,47.313440688963034
"Motorola G34 5G (Ice Blue, 128 GB)",MOTOROLA,11999.0,13999.0,14.0,4.2,49709.0,3539.0,4.0,128.0,50MP + 2MP,16MP Front Camera,5000.0,50.0,16.0,2,93.7421875,Budget,45.41863787617262
"MOTOROLA g06 power (Pantone Laurel Oak, 64 GB)",MOTOROLA,15999.0,19999.0,20.0,4.2,17454.0,1029.0,4.0,64.0,50MP Rear Camera,8MP Front Camera,7000.0,50.0,8.0,1,249.984375,Midrange,41.02300196206437
"CMF by Nothing Phone 1 (Orange, 128 GB)",CMF,17999.0,21999.0,18.0,4.4,24861.0,1732.0,8.0,128.0,50MP + 2MP,16MP Front Camera,5000.0,50.0,16.0,2,140.6171875,Midrange,44.53282157434731
"Infinix SMART 8 (Rainbow Blue, 128 GB)",Infinix,8999.0,10999.0,18.0,4.2,10498.0,618.0,8.0,128.0,50MP + AI Lens,8MP Front Camera,5000.0,50.0,8.0,1,70.3046875,Budget,38.88794823276275
"Infinix Smart 8 Plus (Galaxy White, 128 GB)",Infinix,7799.0,9999.0,22.0,4.3,13190.0,789.0,4.0,128.0,50MP + AI Lens,8MP Front Camera,6000.0,50.0,8.0,1,60.9296875,Budget,40.79534724875035
"Samsung Galaxy F06 5G (Bahama Blue, 128 GB)",Samsung,13999.0,,,4.2,45989.0,2938.0,4.0,128.0,50MP + 2MP,8MP Front Camera,5000.0,50.0,8.0,2,109.3671875,Budget,45.091952894242674
"Infinix SMART 8 (Galaxy White, 64 GB)",Infinix,7299.0,8999.0,18.0,4.3,30971.0,1848.0,4.0,64.0,50MP + AI Lens,8MP Front Camera,5000.0,50.0,8.0,1,114.046875,Budget,44.46560705287844
"Motorola g45 5G (Brilliant Green, 128 GB)",MOTOROLA,10999.0,12999.0,15.0,4.3,51756.0,3031.0,4.0,128.0,50MP + 2MP,16MP Front Camera,5000.0,50.0,16.0,2,85.9296875,Budget,46.673554361026234
"POCO M6 5G - Locked with Airtel Prepaid (Orion Blue, 128 GB)",POCO,10499.0,12999.0,19.0,4.1,141836.0,7199.0,4.0,128.0,50MP Rear Camera,5MP Front Camera,5000.0,50.0,5.0,1,82.0234375,Budget,48.635978538722
"Motorola Edge 50 Fusion (Marshmallow Blue, 128 GB)",MOTOROLA,18999.0,25999.0,26.0,4.4,127205.0,8710.0,8.0,128.0,50MP + 13MP,32MP Front Camera,5000.0,50.0,32.0,2,148.4296875,Midrange,51.71567763378289
"Samsung Galaxy F16 5G (Glam Green, 128 GB)",Samsung,13999.0,17499.0,20.0,4.2,10485.0,662.0,6.0,128.0,50MP + 5MP + 2MP,13MP Front Camera,5000.0,50.0,13.0,3,109.3671875,Budget,38.88274451515641
"Infinix Smart 8 Plus (Shiny Gold, 128 GB)",Infinix,7799.0,9999.0,22.0,4.3,13190.0,789.0,4.0,128.0,50MP + AI Lens,8MP Front Camera,6000.0,50.0,8.0,1,60.9296875,Budget,40.79534724875035
"Motorola g45 5G (Pink Lavender, 128 GB)",MOTOROLA,11999.0,14999.0,20.0,4.3,230227.0,12043.0,8.0,128.0,50MP + 2MP,16MP Front Camera,5000.0,50.0,16.0,2,93.7421875,Budget,53.09134922531254
"CMF by Nothing Phone 1 (Blue, 128 GB)",CMF,15999.0,19999.0,20.0,4.4,75355.0,5405.0,6.0,128.0,50MP + 2MP,16MP Front Camera,5000.0,50.0,16.0,2,124.9921875,Midrange,49.411906848855175
"vivo T4 Lite 5G Charger in the Box (Titanium Gold, 256 GB)",Vivo,16999.0,,,4.3,22265.0,1076.0,8.0,256.0,50MP + 2MP,5MP Front Camera,6000.0,50.0,5.0,2,66.40234375,Midrange,43.0465093602412
"Motorola Edge 50 Fusion (Marshmallow Blue, 256 GB)",MOTOROLA,20999.0,27999.0,25.0,4.4,156834.0,11178.0,12.0,256.0,50MP + 13MP,32MP Front Camera,5000.0,50.0,32.0,2,82.02734375,Midrange,52.63697813561245
"POCO C55 (Cool Blue, 128 GB)",POCO,7999.0,13999.0,42.0,4.2,143179.0,8203.0,6.0,128.0,50MP Dual Rear Camera,5MP Front Camera,5000.0,50.0,5.0,1,62.4921875,Budget,49.86180300759074
"Motorola g45 5G (Viva Magenta, 128 GB)",MOTOROLA,11999.0,14999.0,20.0,4.3,230227.0,12043.0,8.0,128.0,50MP + 2MP,16MP Front Camera,5000.0,50.0,16.0,2,93.7421875,Budget,53.09134922531254
"POCO M6 Pro 5G (Power Black, 128 GB)",POCO,12999.0,16999.0,23.0,4.2,134017.0,8428.0,6.0,128.0,50MP + 2MP,8MP Front Camera,5000.0,50.0,8.0,2,101.5546875,Budget,49.58406347273405
"POCO C71 (Power Black, 128 GB)",POCO,9999.0,,,4.1,36600.0,1744.0,6.0,128.0,32MP Rear Camera,8MP Front Camera,5200.0,32.0,8.0,1,78.1171875,Budget,43.08210644982437
"POCO M6 5G (Orion Blue, 64 GB)",POCO,11899.0,11999.0,0.83,4.1,141836.0,7199.0,4.0,64.0,50MP Rear Camera,5MP Front Camera,5000.0,50.0,5.0,1,185.921875,Budget,48.635978538722
"Motorola G34 5G (Ocean Green, 128 GB)",MOTOROLA,11999.0,13999.0,14.0,4.2,49709.0,3539.0,4.0,128.0,50MP + 2MP,16MP Front Camera,5000.0,50.0,16.0,2,93.7421875,Budget,45.41863787617262
"REDMI 13C (Starfrost White, 128 GB)",REDMI,8999.0,11999.0,25.0,4.3,85662.0,3644.0,4.0,128.0,50MP Rear Camera,8MP Front Camera,5000.0,50.0,8.0,1,70.3046875,Budget,48.8401579727683
"vivo T4 Lite 5G Charger in the Box (Prism Blue, 128 GB)",Vivo,14999.0,,,4.3,48958.0,1827.0,6.0,128.0,50MP + 2MP,5MP Front Camera,6000.0,50.0,5.0,2,117.1796875,Budget,46.434575516206365
"MOTOROLA G04 (Concord Black, 128 GB)",MOTOROLA,10999.0,,,4.1,7264.0,523.0,8.0,128.0,16MP Rear Camera,5MP Front Camera,5000.0,16.0,5.0,1,85.9296875,Budget,36.45237666161797
"realme C61 (Safari Green, 64 GB)",realme,7249.0,8999.0,19.0,4.3,37840.0,1427.0,4.0,64.0,32MP Rear Camera,5MP Front Camera,5000.0,32.0,5.0,1,113.265625,Budget,45.32693833447513
"Motorola G34 5G (Charcoal Black, 128 GB)",MOTOROLA,11999.0,13999.0,14.0,4.2,49709.0,3539.0,4.0,128.0,50MP + 2MP,16MP Front Camera,5000.0,50.0,16.0,2,93.7421875,Budget,45.41863787617262
"POCO C51 (Royal Blue, 64 GB)",POCO,8499.0,9999.0,15.0,4.0,226809.0,12047.0,4.0,64.0,8MP Dual Rear Camera,5MP Front Camera,5000.0,8.0,5.0,1,132.796875,Budget,49.327471766297926
"CMF by Nothing Phone 1 (Blue, 128 GB)",CMF,17999.0,21999.0,18.0,4.4,24861.0,1732.0,8.0,128.0,50MP + 2MP,16MP Front Camera,5000.0,50.0,16.0,2,140.6171875,Midrange,44.53282157434731
"vivo T4 Lite 5G Charger in the Box (Prism Blue, 128 GB)",Vivo,13999.0,,,4.3,35507.0,1288.0,4.0,128.0,50MP + 2MP,5MP Front Camera,6000.0,50.0,5.0,2,109.3671875,Budget,45.0533071994093
"Infinix SMART 8 (Shiny Gold, 128 GB)",Infinix,8999.0,10999.0,18.0,4.2,10498.0,618.0,8.0,128.0,50MP + AI Lens,8MP Front Camera,5000.0,50.0,8.0,1,70.3046875,Budget,38.88794823276275
"Infinix SMART 8 (Shiny Gold, 64 GB)",Infinix,7299.0,8999.0,18.0,4.3,30971.0,1848.0,4.0,64.0,50MP + AI Lens,8MP Front Camera,5000.0,50.0,8.0,1,114.046875,Budget,44.46560705287844
"Infinix SMART 8 (Galaxy White, 128 GB)",Infinix,8999.0,10999.0,18.0,4.2,10498.0,618.0,8.0,128.0,50MP + AI Lens,8MP Front Camera,5000.0,50.0,8.0,1,70.3046875,Budget,38.88794823276275
"Infinix SMART 8 (Black, 64 GB)",Infinix,7299.0,8999.0,18.0,4.3,30971.0,1848.0,4.0,64.0,50MP + AI Lens,8MP Front Camera,5000.0,50.0,8.0,1,114.046875,Budget,44.46560705287844
"Samsung Galaxy F16 5G (Glam Green, 128 GB)",Samsung,15499.0,18999.0,18.0,4.2,3693.0,239.0,8.0,128.0,50MP + 5MP + 2MP,13MP Front Camera,5000.0,50.0,13.0,3,121.0859375,Midrange,34.500753675188584
"POCO M7 5G  - Locked with Airtel Prepaid (Mint Green, 128 GB)",POCO,12999.0,,,4.1,77611.0,3725.0,6.0,128.0,50MP Rear Camera,8MP Front Camera,5160.0,50.0,8.0,1,101.5546875,Budget,46.163857066903766
"POCO M6 5G - Locked with Airtel Prepaid (Galactic Black, 128 GB)",POCO,10499.0,12999.0,19.0,4.1,141836.0,7199.0,4.0,128.0,50MP Rear Camera,5MP Front Camera,5000.0,50.0,5.0,1,82.0234375,Budget,48.635978538722
"Infinix Note 40X 5G (Lime Green, 256 GB)",Infinix,14999.0,19999.0,25.0,4.3,5347.0,329.0,8.0,256.0,108MP + 2MP + AI Lens,8MP Front Camera,5000.0,108.0,8.0,2,58.58984375,Budget,36.91325513435388
"POCO M8 Charger in the Box (Glacial Blue, 128 GB)",POCO,21999.0,27999.0,21.0,4.3,1291.0,124.0,8.0,128.0,50MP Rear Camera,20MP Front Camera,5520.0,50.0,20.0,1,171.8671875,Midrange,30.804970742672953
"MOTOROLA Edge 60 Fusion 5G (PANTONE Slipstream, 256 GB)",MOTOROLA,24999.0,25999.0,3.0,4.4,120468.0,7120.0,8.0,256.0,50MP + 13MP,32MP Front Camera,5500.0,50.0,32.0,2,97.65234375,Midrange,51.47625004458053
"Motorola g04s (Satin Blue, 64 GB)",MOTOROLA,9999.0,,,4.2,30450.0,1624.0,4.0,64.0,50MP Rear Camera,5MP Front Camera,5000.0,50.0,5.0,1,156.234375,Budget,43.36027127594944
"CMF by Nothing Phone 2 Pro (Black, 128 GB)",CMF,18999.0,22999.0,17.0,4.4,75792.0,5613.0,8.0,128.0,50MP + 50MP + 8MP,16MP Front Camera,5000.0,50.0,16.0,3,148.4296875,Midrange,49.43734936395701
"Motorola G85 5G (Cobalt Blue, 128 GB)",MOTOROLA,15999.0,20999.0,23.0,4.4,218358.0,12064.0,8.0,128.0,50MP + 8MP,32MP Front Camera,5000.0,50.0,32.0,2,124.9921875,Midrange,54.09314141568426
"Samsung Galaxy F06 5G (Lit Violet, 128 GB)",Samsung,15499.0,,,4.2,24550.0,1681.0,6.0,128.0,50MP + 2MP,8MP Front Camera,5000.0,50.0,8.0,2,121.0859375,Midrange,42.455733035480726
"realme C61 (Safari Green, 128 GB)",realme,8199.0,10999.0,25.0,4.3,18169.0,733.0,6.0,128.0,32MP Rear Camera,5MP Front Camera,5000.0,32.0,5.0,1,64.0546875,Budget,42.17236679397793
"vivo T4 Lite 5G Charger in the Box (Prism Blue, 64 GB)",Vivo,12999.0,,,4.3,35507.0,1288.0,4.0,64.0,50MP + 2MP,5MP Front Camera,6000.0,50.0,5.0,2,203.109375,Budget,45.0533071994093
Vivo T4 Lite 5G (Titanium Gold 2026) (4GB 128GB),Vivo,13999.0,28999.0,51.0,4.3,35507.0,1288.0,4.0,128.0,50MP + 2MP,5MP Front Camera,6000.0,50.0,5.0,2,109.3671875,Budget,45.0533071994093
"CMF by Nothing Phone 2 Pro (Light Green, 128 GB)",CMF,18999.0,22999.0,17.0,4.4,75792.0,5613.0,8.0,128.0,50MP + 50MP + 8MP,16MP Front Camera,5000.0,50.0,16.0,3,148.4296875,Midrange,49.43734936395701
Vivo T4 Lite 5G (Titanium Gold 2026) (6GB 128GB),Vivo,14999.0,29999.0,50.0,4.3,48958.0,1827.0,6.0,128.0,50MP + 2MP,5MP Front Camera,6000.0,50.0,5.0,2,117.1796875,Budget,46.434575516206365
"POCO C65 (Matte Black, 128 GB)",POCO,8499.0,10999.0,22.0,4.3,103344.0,4978.0,4.0,128.0,50MP + AI Lens + 2MP,8MP Front Camera,5000.0,50.0,8.0,2,66.3984375,Budget,49.64706119397752
"realme C61 (Marble Black, 128 GB)",realme,8499.0,9999.0,15.0,4.3,37840.0,1427.0,4.0,128.0,32MP Rear Camera,5MP Front Camera,5000.0,32.0,5.0,1,66.3984375,Budget,45.32693833447513
"Samsung Galaxy F06 5G (Lit Violet, 128 GB)",Samsung,13999.0,,,4.2,45989.0,2938.0,4.0,128.0,50MP + 2MP,8MP Front Camera,5000.0,50.0,8.0,2,109.3671875,Budget,45.091952894242674
"vivo T3 Lite 5G (Vibrant Green, 128 GB)",Vivo,11499.0,15499.0,25.0,4.3,86859.0,3313.0,6.0,128.0,50MP + 2MP,8MP Front Camera,5000.0,50.0,8.0,2,89.8359375,Budget,48.89982749618189
"Motorola G85 5G (Cobalt Blue, 256 GB)",MOTOROLA,17999.0,22999.0,21.0,4.3,72542.0,4413.0,12.0,256.0,50MP + 8MP,32MP Front Camera,5000.0,50.0,32.0,2,70.30859375,Midrange,48.12531950444124
"Samsung Galaxy F16 5G (Bling Black, 128 GB)",Samsung,13999.0,17499.0,20.0,4.2,10485.0,662.0,6.0,128.0,50MP + 5MP + 2MP,13MP Front Camera,5000.0,50.0,13.0,3,109.3671875,Budget,38.88274451515641
"Nothing Phone (2a) Plus (Grey, 256 GB)",Nothing,27999.0,29999.0,6.0,4.4,14860.0,1021.0,8.0,256.0,50MP + 50MP,50MP Front Camera,5000.0,50.0,50.0,2,109.37109375,Midrange,42.26858068733771
"POCO C61 (Mystical Green, 128 GB)",POCO,8499.0,9999.0,15.0,4.2,8814.0,318.0,6.0,128.0,8MP Rear Camera,5MP Front Camera,5000.0,8.0,5.0,1,66.3984375,Budget,38.15368239829428
"POCO M7 5G  - Locked with Airtel Prepaid (Satin Black, 128 GB)",POCO,12999.0,,,4.1,77611.0,3725.0,6.0,128.0,50MP Rear Camera,8MP Front Camera,5160.0,50.0,8.0,1,101.5546875,Budget,46.163857066903766
"Motorola G85 5G (Urban Grey, 128 GB)",MOTOROLA,15999.0,20999.0,23.0,4.4,218358.0,12064.0,8.0,128.0,50MP + 8MP,32MP Front Camera,5000.0,50.0,32.0,2,124.9921875,Midrange,54.09314141568426
"REDMI 13C (Starshine Green, 128 GB)",REDMI,8999.0,11999.0,25.0,4.3,85662.0,3644.0,4.0,128.0,50MP Rear Camera,8MP Front Camera,5000.0,50.0,8.0,1,70.3046875,Budget,48.8401579727683
"Infinix Note 40X 5G (Palm Blue, 256 GB)",Infinix,15999.0,21999.0,27.0,4.2,32452.0,2243.0,12.0,256.0,108MP + 2MP + AI Lens,8MP Front Camera,5000.0,108.0,8.0,2,62.49609375,Midrange,43.62770230468425
"Motorola g64 5G (Berry Red, 128 GB)",MOTOROLA,13999.0,17999.0,22.0,4.2,61384.0,3752.0,8.0,128.0,50MP (OIS) + 8MP,16MP Front Camera,6000.0,50.0,16.0,2,109.3671875,Budget,46.30466729538275
"Infinix Hot 50 5G (Sleek Black, 128 GB)",Infinix,10999.0,14999.0,26.0,4.3,17631.0,1300.0,8.0,128.0,48MP + Depth Sensor,8MP Front Camera,5000.0,48.0,8.0,1,85.9296875,Budget,42.043124061396355
"vivo T4 Lite 5G Charger in the Box (Prism Blue, 256 GB)",Vivo,16999.0,,,4.3,22265.0,1076.0,8.0,256.0,50MP + 2MP,5MP Front Camera,6000.0,50.0,5.0,2,66.40234375,Midrange,43.0465093602412
"MOTOROLA g05 (Plum Red, 64 GB)",MOTOROLA,7299.0,9999.0,27.0,4.2,81860.0,4858.0,4.0,64.0,50MP Rear Camera,8MP Front Camera,5100.0,50.0,8.0,1,114.046875,Budget,47.51366745699118
"Motorola e13 (Aurora Green, 128 GB)",MOTOROLA,,,,4.1,36029.0,1985.0,8.0,128.0,13MP Rear Camera,5MP Front Camera,5000.0,13.0,5.0,1,,,43.01763953534277
"Motorola g45 5G (Pink Lavender, 128 GB)",MOTOROLA,10999.0,12999.0,15.0,4.3,51756.0,3031.0,4.0,128.0,50MP + 2MP,16MP Front Camera,5000.0,50.0,16.0,2,85.9296875,Budget,46.673554361026234
"OnePlus Nord CE 3 Lite 5G (Pastel Lime, 128 GB)",OnePlus,,,,4.4,168541.0,8494.0,8.0,128.0,108MP Rear Camera,,5000.0,108.0,,1,,,52.95373712585061
"Infinix Note 40 5G (Ttan Gold, 256 GB)",Infinix,19999.0,24999.0,20.0,4.2,12800.0,1173.0,8.0,256.0,108MP + 2MP + 2MP,32MP Front Camera,5000.0,108.0,32.0,3,78.12109375,Midrange,39.720570001795664
"Motorola g14 (Sky Blue, 128 GB)",MOTOROLA,9999.0,12999.0,23.0,4.1,51908.0,4076.0,4.0,128.0,50MP + 2MP,8MP Front Camera,5000.0,50.0,8.0,2,78.1171875,Budget,44.5147146045515
"MOTOROLA G04 (Sunrise Orange, 128 GB)",MOTOROLA,10999.0,,,4.1,7264.0,523.0,8.0,128.0,16MP Rear Camera,5MP Front Camera,5000.0,16.0,5.0,1,85.9296875,Budget,36.45237666161797
"Motorola g45 5G (Viva Magenta, 128 GB)",MOTOROLA,10999.0,12999.0,15.0,4.3,51756.0,3031.0,4.0,128.0,50MP + 2MP,16MP Front Camera,5000.0,50.0,16.0,2,85.9296875,Budget,46.673554361026234
"realme C51 (Mint Green, 64 GB)",realme,8999.0,10999.0,18.0,4.3,79037.0,3442.0,4.0,64.0,50MP + 0.08MP,5MP Front Camera,5000.0,50.0,5.0,2,140.609375,Budget,48.49404132236889
"POCO F7 5G (Frost White, 256 GB)",POCO,35999.0,,,4.4,22612.0,2237.0,12.0,256.0,50MP Rear Camera,20MP Front Camera,7550.0,50.0,20.0,1,140.62109375,Upper Midrange,44.11563306094118
"vivo T3 Lite 5G (Majestic Black, 128 GB)",Vivo,10499.0,14499.0,27.0,4.3,55378.0,2102.0,4.0,128.0,50MP + 2MP,8MP Front Camera,5000.0,50.0,8.0,2,82.0234375,Budget,46.964409679856935
"Infinix Note 40 Pro 5G (Vintage Green, 256 GB)",Infinix,21999.0,27999.0,21.0,4.2,38005.0,2596.0,8.0,256.0,108MP (OIS) + 2MP + 2MP,32MP Front Camera,5000.0,108.0,32.0,3,85.93359375,Midrange,44.29109714812147
"POCO F7 5G (Frost White, 512 GB)",POCO,37999.0,,,4.4,22612.0,2237.0,12.0,512.0,50MP Rear Camera,20MP Front Camera,7550.0,50.0,20.0,1,74.216796875,Upper Midrange,44.11563306094118
"vivo T3 Lite 5G (Majestic Black, 128 GB)",Vivo,11499.0,15499.0,25.0,4.3,86859.0,3313.0,6.0,128.0,50MP + 2MP,8MP Front Camera,5000.0,50.0,8.0,2,89.8359375,Budget,48.89982749618189
"Nothing Phone (4a) (Blue, 128 GB)",Nothing,37999.0,40999.0,7.0,4.4,4214.0,447.0,8.0,128.0,50MP + 50MP + 8MP,32MP Front Camera,5400.0,50.0,32.0,3,296.8671875,Upper Midrange,36.72418142991821
"Motorola g04s (Concord Black, 64 GB)",MOTOROLA,9999.0,,,4.2,30450.0,1624.0,4.0,64.0,50MP Rear Camera,5MP Front Camera,5000.0,50.0,5.0,1,156.234375,Budget,43.36027127594944
"Infinix HOT 60i 5G (Sleek Black, 128 GB)",Infinix,15999.0,,,4.3,1495.0,124.0,4.0,128.0,50MP Rear Camera,5MP Front Camera,6000.0,50.0,5.0,1,124.9921875,Midrange,31.435365681698013
Vivo T4 Lite 5G (Titanium Gold 2026) (4GB 64GB),Vivo,12999.0,27999.0,53.0,4.3,35507.0,1288.0,4.0,64.0,50MP + 2MP,5MP Front Camera,6000.0,50.0,5.0,2,203.109375,Budget,45.0533071994093
"Motorola e13 (Aurora Green, 64 GB)",MOTOROLA,10999.0,,,4.1,107162.0,7693.0,4.0,64.0,13MP Rear Camera,5MP Front Camera,5000.0,13.0,5.0,1,171.859375,Budget,47.486635907028315
Vivo T4 Lite 5G (Prism Blue 2026) ( 4GB 128GB),Vivo,13999.0,28999.0,51.0,4.3,35507.0,1288.0,4.0,128.0,50MP + 2MP,5MP Front Camera,6000.0,50.0,5.0,2,109.3671875,Budget,45.0533071994093
"POCO C61 (Diamond Dust Black, 64 GB)",POCO,6613.0,8999.0,26.0,4.1,112371.0,4633.0,4.0,64.0,8MP Rear Camera,5MP Front Camera,5000.0,8.0,5.0,1,103.328125,Budget,47.681237307862084
"MOTOROLA G04 (Concord Black, 64 GB)",MOTOROLA,6999.0,9999.0,30.0,4.2,16378.0,1020.0,4.0,64.0,16MP Rear Camera,5MP Front Camera,5000.0,16.0,5.0,1,109.359375,Budget,40.755772283026
"Samsung Galaxy F06 5G (Lit Violet, 64 GB)",Samsung,12499.0,14999.0,16.0,4.2,45989.0,2938.0,4.0,64.0,50MP + 2MP,8MP Front Camera,5000.0,50.0,8.0,2,195.296875,Budget,45.091952894242674
"CMF by Nothing Phone 2 Pro (Black, 256 GB)",CMF,20999.0,24999.0,16.0,4.4,75792.0,5613.0,8.0,256.0,50MP + 50MP + 8MP,16MP Front Camera,5000.0,50.0,16.0,3,82.02734375,Midrange,49.43734936395701
"OnePlus Nord CE 3 Lite 5G (Chromatic Gray, 128 GB)",OnePlus,15699.0,19999.0,21.0,4.4,168541.0,8494.0,8.0,128.0,108MP Rear Camera,,5000.0,108.0,,1,122.6484375,Midrange,52.95373712585061
"POCO M6 5G (Polaris Green, 128 GB)",POCO,11499.0,13999.0,17.0,4.3,49237.0,2487.0,6.0,128.0,50MP Rear Camera,5MP Front Camera,5000.0,50.0,5.0,1,89.8359375,Budget,46.459010136983736
"POCO C55 (Cool Blue, 64 GB)",POCO,9499.0,11999.0,20.0,4.2,127518.0,7403.0,4.0,64.0,50MP Dual Rear Camera,5MP Front Camera,5000.0,50.0,5.0,1,148.421875,Budget,49.3752867387618
"realme C61 (Marble Black, 128 GB)",realme,8199.0,10999.0,25.0,4.3,18169.0,733.0,6.0,128.0,32MP Rear Camera,5MP Front Camera,5000.0,32.0,5.0,1,64.0546875,Budget,42.17236679397793
"POCO C61 (Diamond Dust Black, 128 GB)",POCO,8499.0,9999.0,15.0,4.2,8814.0,318.0,6.0,128.0,8MP Rear Camera,5MP Front Camera,5000.0,8.0,5.0,1,66.3984375,Budget,38.15368239829428
"Apple iPhone 14 (Purple, 128 GB)",Apple,54900.0,,,4.6,284400.0,11307.0,,128.0,12MP + 12MP,12MP Front Camera,,12.0,12.0,2,428.90625,Premium,57.767446268165436
"Infinix HOT 60i 5G (Monsoon Green, 128 GB)",Infinix,15999.0,,,4.3,1495.0,124.0,4.0,128.0,50MP Rear Camera,5MP Front Camera,6000.0,50.0,5.0,1,124.9921875,Midrange,31.435365681698013
"Apple iPhone 15 (Pink, 128 GB)",Apple,59900.0,,,4.6,245694.0,9251.0,,128.0,48MP + 12MP,12MP Front Camera,,48.0,12.0,2,467.96875,Premium,57.09449255809653
"CMF by Nothing Phone 2 Pro (Light Green, 256 GB)",CMF,20999.0,24999.0,16.0,4.4,75792.0,5613.0,8.0,256.0,50MP + 50MP + 8MP,16MP Front Camera,5000.0,50.0,16.0,3,82.02734375,Midrange,49.43734936395701
"POCO F7 5G (Phantom Black, 512 GB)",POCO,37999.0,,,4.4,22612.0,2237.0,12.0,512.0,50MP Rear Camera,20MP Front Camera,7550.0,50.0,20.0,1,74.216796875,Upper Midrange,44.11563306094118
"POCO C51 (Royal Blue, 128 GB)",POCO,8999.0,10999.0,18.0,4.1,12736.0,606.0,6.0,128.0,8MP Rear Camera,5MP Front Camera,5000.0,8.0,5.0,1,70.3046875,Budget,38.754292332618014
"POCO M6 5G (Galactic Black, 64 GB)",POCO,9024.0,11999.0,24.0,4.1,141836.0,7199.0,4.0,64.0,50MP Rear Camera,5MP Front Camera,5000.0,50.0,5.0,1,141.0,Budget,48.635978538722
"MOTOROLA G96 5G (Pantone Cattleya Orchid, 128 GB)",MOTOROLA,20999.0,,,4.4,89801.0,5025.0,8.0,128.0,50MP + 8MP,32MP Front Camera,5500.0,50.0,32.0,2,164.0546875,Midrange,50.18359511333169
"vivo T2x 5G (Marine Blue, 128 GB)",Vivo,14999.0,20999.0,28.0,4.3,73011.0,4180.0,8.0,128.0,50MP + 2MP,8MP Front Camera,5000.0,50.0,8.0,2,117.1796875,Budget,48.1530300877855
"POCO M7 5G (Mint Green, 128 GB)",POCO,12499.0,12999.0,3.0,4.1,77611.0,3725.0,6.0,128.0,50MP Rear Camera,8MP Front Camera,5160.0,50.0,8.0,1,97.6484375,Budget,46.163857066903766
"vivo T4R 5G (Twilight Blue, 256 GB)",Vivo,26999.0,,,4.4,5104.0,290.0,12.0,256.0,50MP (OIS) + 2MP,32MP Front Camera,5700.0,50.0,32.0,2,105.46484375,Midrange,37.567093214634575
"realme 12x 5G (Twilight Purple, 128 GB)",realme,12499.0,17999.0,30.0,4.4,94805.0,4645.0,6.0,128.0,50MP + 2MP,8MP Front Camera,5000.0,50.0,8.0,2,97.6484375,Budget,50.42218710047004
"Infinix SMART 9 HD (Neo Titanium, 64 GB)",Infinix,6699.0,8999.0,25.0,4.1,4419.0,266.0,3.0,64.0,13MP Rear Camera,8MP Front Camera,5000.0,13.0,8.0,1,104.671875,Budget,34.414969397794145
"Samsung Galaxy A14 5G (Dark Red, 64 GB)",Samsung,11990.0,18499.0,35.0,4.2,46634.0,2191.0,4.0,64.0,50MP + 2MP + 2MP,13MP Front Camera,5000.0,50.0,13.0,3,187.34375,Budget,45.15044776687605
"Motorola g04s (Sunrise Orange, 64 GB)",MOTOROLA,9999.0,,,4.2,30450.0,1624.0,4.0,64.0,50MP Rear Camera,5MP Front Camera,5000.0,50.0,5.0,1,156.234375,Budget,43.36027127594944
"vivo T2x 5G (Marine Blue, 128 GB)",Vivo,12999.0,18999.0,31.0,4.4,397019.0,22040.0,6.0,128.0,50MP + 2MP,8MP Front Camera,5000.0,50.0,8.0,2,101.5546875,Budget,56.72366451943031
"MOTOROLA Signature (PANTONE Carbon, 512 GB)",MOTOROLA,62499.0,79999.0,21.0,4.5,572.0,95.0,16.0,512.0,50MP + 50MP + 50MP,50MP Front Camera,5200.0,50.0,50.0,3,122.068359375,Premium,28.57898572521633
"Samsung Galaxy A14 5G (Light Green, 128 GB)",Samsung,14400.0,22999.0,37.0,4.1,4272.0,310.0,8.0,128.0,50MP + 2MP + 2MP,13MP Front Camera,5000.0,50.0,13.0,3,112.5,Budget,34.2762928861405
"Samsung Galaxy F16 5G (Vibing Blue, 128 GB)",Samsung,15499.0,18999.0,18.0,4.2,3693.0,239.0,8.0,128.0,50MP + 5MP + 2MP,13MP Front Camera,5000.0,50.0,13.0,3,121.0859375,Midrange,34.500753675188584
"POCO F7 5G (Phantom Black, 256 GB)",POCO,35999.0,,,4.4,22612.0,2237.0,12.0,256.0,50MP Rear Camera,20MP Front Camera,7550.0,50.0,20.0,1,140.62109375,Upper Midrange,44.11563306094118
"POCO M6 Plus 5G (Misty Lavender, 128 GB)",POCO,14499.0,17999.0,19.0,4.2,20147.0,1181.0,8.0,128.0,108MP + 2MP,13MP Front Camera,5030.0,108.0,13.0,2,113.2734375,Budget,41.625613288835275
"vivo T2x 5G (Aurora Gold, 128 GB)",Vivo,14999.0,20999.0,28.0,4.3,73011.0,4180.0,8.0,128.0,50MP + 2MP,8MP Front Camera,5000.0,50.0,8.0,2,117.1796875,Budget,48.1530300877855
"Apple iPhone 16 (Teal, 128 GB)",Apple,69900.0,,,4.6,193584.0,6827.0,,128.0,48MP + 12MP,12MP Front Camera,,48.0,12.0,2,546.09375,Premium,55.99797106882682
Vivo T4 Lite 5G (Titanium Gold 2026) (8GB 256GB),Vivo,16999.0,31999.0,46.0,4.3,22265.0,1076.0,8.0,256.0,50MP + 2MP,5MP Front Camera,6000.0,50.0,5.0,2,66.40234375,Midrange,43.0465093602412
"Infinix NOTE 60 Pro (Tactical ED(Mocha Brown), 256 GB)",Infinix,34999.0,44999.0,22.0,4.4,673.0,116.0,8.0,256.0,50MP + 8MP,13MP Front Camera,6500.0,50.0,13.0,2,136.71484375,Upper Midrange,28.658212488014154
"realme P4 5G - IWIT (Steel Grey, 128 GB)",realme,23999.0,29999.0,20.0,4.4,18347.0,1303.0,8.0,128.0,50MP + 8MP,16MP Front Camera,7000.0,50.0,16.0,2,187.4921875,Midrange,43.19601376515508
Vivo T4 Lite 5G (Prism Blue 2026) ( 4GB 64GB),Vivo,12999.0,27999.0,53.0,4.3,35507.0,1288.0,4.0,64.0,50MP + 2MP,5MP Front Camera,6000.0,50.0,5.0,2,203.109375,Budget,45.0533071994093
"Motorola e13 (Cosmic Black, 64 GB)",MOTOROLA,10999.0,,,4.1,107162.0,7693.0,4.0,64.0,13MP Rear Camera,5MP Front Camera,5000.0,13.0,5.0,1,171.859375,Budget,47.486635907028315
"POCO M7 Pro 5G (Olive Twilight, 128 GB)",POCO,14999.0,18999.0,21.0,4.3,38552.0,2884.0,6.0,128.0,50MP + 2MP,20MP Front Camera,5110.0,50.0,20.0,2,117.1796875,Budget,45.40709354699358
"Infinix Hot 50 5G (Sleek Black, 128 GB)",Infinix,9999.0,12999.0,23.0,4.3,5686.0,426.0,4.0,128.0,48MP + Depth Sensor,8MP Front Camera,5000.0,48.0,8.0,1,78.1171875,Budget,37.177534033419235
"POCO C50 (Royal Blue, 32 GB)",POCO,5999.0,9999.0,40.0,4.0,22882.0,1365.0,3.0,32.0,8MP Dual Camera,5MP Front Camera,5000.0,8.0,5.0,1,187.46875,Budget,40.1525982231181
"CMF by Nothing Phone 2 Pro (White, 128 GB)",CMF,18999.0,22999.0,17.0,4.4,75792.0,5613.0,8.0,128.0,50MP + 50MP + 8MP,16MP Front Camera,5000.0,50.0,16.0,3,148.4296875,Midrange,49.43734936395701
"Infinix NOTE 60 Pro (Tactical ED(Mocha Brown), 128 GB)",Infinix,31999.0,39999.0,20.0,4.4,673.0,116.0,8.0,128.0,50MP + 8MP,13MP Front Camera,6500.0,50.0,13.0,2,249.9921875,Upper Midrange,28.658212488014154
"Samsung Galaxy A14 5G (Dark Red, 128 GB)",Samsung,20999.0,,,4.2,82467.0,3912.0,6.0,128.0,50MP + 2MP + 2MP,13MP Front Camera,5000.0,50.0,13.0,3,164.0546875,Midrange,47.54469559681993
"Motorola g14 (Butter Cream, 128 GB)",MOTOROLA,9999.0,12999.0,23.0,4.1,51908.0,4076.0,4.0,128.0,50MP + 2MP,8MP Front Camera,5000.0,50.0,8.0,2,78.1171875,Budget,44.5147146045515
"Motorola g64 5G (Pearl Blue, 128 GB)",MOTOROLA,13999.0,17999.0,22.0,4.2,61384.0,3752.0,8.0,128.0,50MP (OIS) + 8MP,16MP Front Camera,6000.0,50.0,16.0,2,109.3671875,Budget,46.30466729538275
"Motorola Edge 50 Fusion (Forest Green, 256 GB)",MOTOROLA,20999.0,27999.0,25.0,4.4,156834.0,11178.0,12.0,256.0,50MP + 13MP,32MP Front Camera,5000.0,50.0,32.0,2,82.02734375,Midrange,52.63697813561245
"POCO M6 5G (Polaris Green, 64 GB)",POCO,11899.0,11999.0,0.83,4.1,141836.0,7199.0,4.0,64.0,50MP Rear Camera,5MP Front Camera,5000.0,50.0,5.0,1,185.921875,Budget,48.635978538722
"vivo T2x 5G (Glimmer Black, 128 GB)",Vivo,14999.0,20999.0,28.0,4.3,73011.0,4180.0,8.0,128.0,50MP + 2MP,8MP Front Camera,5000.0,50.0,8.0,2,117.1796875,Budget,48.1530300877855
"MOTOROLA Edge 60 Fusion 5G (PANTONE Mykonos Blue, 256 GB)",MOTOROLA,24999.0,25999.0,3.0,4.4,120468.0,7120.0,8.0,256.0,50MP + 13MP,32MP Front Camera,5500.0,50.0,32.0,2,97.65234375,Midrange,51.47625004458053
"Infinix HOT 60i 5G (Shadow Blue, 128 GB)",Infinix,15999.0,,,4.3,1495.0,124.0,4.0,128.0,50MP Rear Camera,5MP Front Camera,6000.0,50.0,5.0,1,124.9921875,Midrange,31.435365681698013
"POCO C61 (Mystical Green, 64 GB)",POCO,7999.0,8999.0,11.0,4.1,112371.0,4633.0,4.0,64.0,8MP Rear Camera,5MP Front Camera,5000.0,8.0,5.0,1,124.984375,Budget,47.681237307862084
"POCO M7 5G (Satin Black, 128 GB)",POCO,13499.0,13999.0,3.0,4.3,18699.0,909.0,8.0,128.0,50MP Rear Camera,8MP Front Camera,5160.0,50.0,8.0,1,105.4609375,Budget,42.29599885222351
"Motorola Edge 50 Fusion (Forest Blue, 128 GB)",MOTOROLA,18999.0,25999.0,26.0,4.4,127205.0,8710.0,8.0,128.0,50MP + 13MP,32MP Front Camera,5000.0,50.0,32.0,2,148.4296875,Midrange,51.71567763378289
Vivo T4 Lite 5G (Prism Blue 2026) (8GB 256GB),Vivo,16999.0,31999.0,46.0,4.3,22265.0,1076.0,8.0,256.0,50MP + 2MP,5MP Front Camera,6000.0,50.0,5.0,2,66.40234375,Midrange,43.0465093602412
"Samsung Galaxy F16 5G (Bling Black, 128 GB)",Samsung,12499.0,15999.0,21.0,4.1,4301.0,265.0,4.0,128.0,50MP + 5MP + 2MP,13MP Front Camera,5000.0,50.0,13.0,3,97.6484375,Budget,34.304024770293466
"POCO M7 Plus 5G (Aqua Blue, 128 GB)",POCO,14499.0,15999.0,9.0,3.9,3244.0,276.0,4.0,128.0,50MP Rear Camera,,7000.0,50.0,,1,113.2734375,Budget,31.530995453638944
"MOTOROLA G04 (Sea Green, 64 GB)",MOTOROLA,7999.0,9999.0,20.0,4.2,16378.0,1020.0,4.0,64.0,16MP Rear Camera,5MP Front Camera,5000.0,16.0,5.0,1,124.984375,Budget,40.755772283026
"Motorola g64 5G (Ice Lilac, 128 GB)",MOTOROLA,13999.0,17999.0,22.0,4.2,61384.0,3752.0,8.0,128.0,50MP (OIS) + 8MP,16MP Front Camera,6000.0,50.0,16.0,2,109.3671875,Budget,46.30466729538275
"OnePlus Nord CE4 lite 5G (MEGA BLUE, 128 GB)",OnePlus,16262.0,20999.0,22.0,4.4,36477.0,1699.0,8.0,128.0,50MP Rear Camera,,5500.0,50.0,,1,127.046875,Midrange,46.219644319745356
"Motorola Edge 50 Fusion (Hot Pink, 128 GB)",MOTOROLA,18999.0,25999.0,26.0,4.4,127205.0,8710.0,8.0,128.0,50MP + 13MP,32MP Front Camera,5000.0,50.0,32.0,2,148.4296875,Midrange,51.71567763378289
"vivo T2 5G (Velocity Wave, 128 GB)",Vivo,15999.0,23999.0,33.0,4.4,95849.0,6616.0,6.0,128.0,64 MP (OIS) + 2MP,16MP Front Camera,4500.0,2.0,16.0,1,124.9921875,Midrange,50.47037489328468
"Samsung Galaxy F04 (Opal Green, 64 GB)",Samsung,11499.0,,,4.2,109503.0,6116.0,4.0,64.0,13MP + 2MP,5MP Front Camera,5000.0,13.0,5.0,2,179.671875,Budget,48.73560870045784
"Infinix Note 40 5G (Obsidian Black, 256 GB)",Infinix,19999.0,24999.0,20.0,4.2,12800.0,1173.0,8.0,256.0,108MP + 2MP + 2MP,32MP Front Camera,5000.0,108.0,32.0,3,78.12109375,Midrange,39.720570001795664
"Google Pixel 6a (Charcoal, 128 GB)",Google,43999.0,,,4.3,75014.0,8416.0,6.0,128.0,12.2MP + 12MP,8MP Front Camera,4410.0,12.2,8.0,2,343.7421875,Upper Midrange,48.269406501840784
"POCO M7 Pro 5G (Lunar Dust, 128 GB)",POCO,14999.0,18999.0,21.0,4.3,38552.0,2884.0,6.0,128.0,50MP + 2MP,20MP Front Camera,5110.0,50.0,20.0,2,117.1796875,Budget,45.40709354699358
"Motorola Edge 40 Neo (Black Beauty, 128 GB)",MOTOROLA,27999.0,,,4.3,58226.0,5942.0,8.0,128.0,50MP + 13MP,32MP Front Camera,5000.0,50.0,32.0,2,218.7421875,Midrange,47.18004910777599
"Nothing Phone (3a) Lite (White, 128 GB)",Nothing,22999.0,,,4.4,3104.0,204.0,8.0,128.0,50MP + 8MP + 2MP,16MP Front Camera,5000.0,50.0,16.0,3,179.6796875,Midrange,35.379383575217346
"OnePlus Nord CE 3 Lite 5G (Pastel Lime, 256 GB)",OnePlus,18289.0,21999.0,16.0,4.4,168541.0,8494.0,8.0,256.0,108MP Rear Camera,,5000.0,108.0,,1,71.44140625,Midrange,52.95373712585061
"realme P1 5G (Feather Blue, 128 GB)",realme,13999.0,20999.0,33.0,4.3,96811.0,6016.0,6.0,128.0,50MP + 2MP,16MP Front Camera,5000.0,50.0,16.0,2,109.3671875,Budget,49.36626279985126
"POCO M6 5G - Locked with Airtel Prepaid (Polaris Green, 128 GB)",POCO,10499.0,12999.0,19.0,4.1,141836.0,7199.0,4.0,128.0,50MP Rear Camera,5MP Front Camera,5000.0,50.0,5.0,1,82.0234375,Budget,48.635978538722
"POCO M7 5G (Satin Black, 128 GB)",POCO,12499.0,12999.0,3.0,4.1,77611.0,3725.0,6.0,128.0,50MP Rear Camera,8MP Front Camera,5160.0,50.0,8.0,1,97.6484375,Budget,46.163857066903766
"POCO M7 5G (Mint Green, 128 GB)",POCO,13499.0,13999.0,3.0,4.3,18699.0,909.0,8.0,128.0,50MP Rear Camera,8MP Front Camera,5160.0,50.0,8.0,1,105.4609375,Budget,42.29599885222351
"vivo T2 5G (Nitro Blaze, 128 GB)",Vivo,15999.0,23999.0,33.0,4.4,95849.0,6616.0,6.0,128.0,64 MP (OIS) + 2MP,16MP Front Camera,4500.0,2.0,16.0,1,124.9921875,Midrange,50.47037489328468
"POCO C65 (Pastel Blue, 128 GB)",POCO,9499.0,11999.0,20.0,4.3,30555.0,1432.0,6.0,128.0,50MP + AI Lens + 2MP,8MP Front Camera,5000.0,50.0,8.0,2,74.2109375,Budget,44.407460282043374
"realme C71 (Sea Blue, 64 GB)",realme,7199.0,8999.0,20.0,4.3,1432.0,60.0,4.0,64.0,13MP Rear Camera,5MP Front Camera,6300.0,13.0,5.0,1,112.484375,Budget,31.250359339661138
"Infinix SMART 8 HD (Shiny Gold, 64 GB)",Infinix,6999.0,8999.0,22.0,4.3,1652.0,64.0,4.0,64.0,13MP + AI Lens,8MP Front Camera,5000.0,13.0,8.0,1,109.359375,Budget,31.864492520630403
"Motorola e13 (Cosmic Black, 128 GB)",MOTOROLA,7999.0,10999.0,27.0,4.1,36029.0,1985.0,8.0,128.0,13MP Rear Camera,5MP Front Camera,5000.0,13.0,5.0,1,62.4921875,Budget,43.01763953534277
"POCO M6 Pro 5G (Forest Green, 128 GB)",POCO,12999.0,16999.0,23.0,4.2,134017.0,8428.0,6.0,128.0,50MP + 2MP,8MP Front Camera,5000.0,50.0,8.0,2,101.5546875,Budget,49.58406347273405
"Motorola Edge 50 Pro 5G with 125W Charger (Luxe Lavender, 256 GB)",MOTOROLA,29999.0,41999.0,28.0,4.4,64998.0,4375.0,12.0,256.0,50MP + 13MP + 10MP,50MP Front Camera,4500.0,50.0,50.0,3,117.18359375,Midrange,48.7613595222338
"vivo T2x 5G (Black, 128 GB)",Vivo,12999.0,18999.0,31.0,4.4,397019.0,22040.0,6.0,128.0,50MP + 2MP,8MP Front Camera,5000.0,50.0,8.0,2,101.5546875,Budget,56.72366451943031
"Nothing Phone (2a) 5G (Black, 256 GB)",Nothing,25999.0,27999.0,7.0,4.4,98021.0,7882.0,8.0,256.0,50MP (OIS) + 50MP,32MP Front Camera,5000.0,50.0,32.0,2,101.55859375,Midrange,50.568967777920086
"POCO C65 (Pastel Green, 128 GB)",POCO,9499.0,11999.0,20.0,4.3,30555.0,1432.0,6.0,128.0,50MP + AI Lens + 2MP,8MP Front Camera,5000.0,50.0,8.0,2,74.2109375,Budget,44.407460282043374
"POCO C55 (Forest Green, 64 GB)",POCO,9499.0,11999.0,20.0,4.2,127518.0,7403.0,4.0,64.0,50MP Dual Rear Camera,5MP Front Camera,5000.0,50.0,5.0,1,148.421875,Budget,49.3752867387618
"POCO X7 Pro 5G (Nebula Green, 256 GB)",POCO,23999.0,31999.0,25.0,4.3,17936.0,1806.0,8.0,256.0,50MP + 8MP,20MP Front Camera,6550.0,50.0,20.0,2,93.74609375,Midrange,42.11686985946076
"Nothing Phone (2a) 5G (Blue, 128 GB)",Nothing,23999.0,25999.0,7.0,4.4,98021.0,7882.0,8.0,128.0,50MP (OIS) + 50MP,32MP Front Camera,5000.0,50.0,32.0,2,187.4921875,Midrange,50.568967777920086
"vivo T2x 5G (Aurora Gold, 128 GB)",Vivo,12999.0,18999.0,31.0,4.4,397019.0,22040.0,6.0,128.0,50MP + 2MP,8MP Front Camera,5000.0,50.0,8.0,2,101.5546875,Budget,56.72366451943031
"I Kall Z10 Smartphone - 6.56"" HD Display, 5000mAh Battery, 20MP Rear Camera (Black, 64 GB)",I,6934.0,7999.0,13.0,2.3,3.0,0.0,4.0,64.0,20MP Rear Camera,8MP Front Camera,5000.0,20.0,8.0,1,108.34375,Budget,3.188477030575748
"POCO M6 5G (Polaris Green, 128 GB)",POCO,13899.0,13999.0,0.71,4.3,49237.0,2487.0,6.0,128.0,50MP Rear Camera,5MP Front Camera,5000.0,50.0,5.0,1,108.5859375,Budget,46.459010136983736
"POCO M6 Pro 5G (Forest Green, 64 GB)",POCO,10999.0,14999.0,26.0,4.2,78338.0,5264.0,4.0,64.0,50MP + 2MP,8MP Front Camera,5000.0,50.0,8.0,2,171.859375,Budget,47.328963537522554
"Motorola Edge 40 (Nebula Green, 256 GB)",MOTOROLA,26999.0,34999.0,22.0,4.3,83004.0,8651.0,8.0,256.0,50MP + 13MP,32MP Front Camera,4400.0,50.0,32.0,2,105.46484375,Midrange,48.704621341491155
"realme P1 5G (Peacock Green, 128 GB)",realme,14999.0,21999.0,31.0,4.3,47099.0,2745.0,8.0,128.0,50MP + 2MP,16MP Front Camera,5000.0,50.0,16.0,2,117.1796875,Budget,46.268121604019385
"Tecno Spark Go 2 (Turquoise Green, 64 GB)",Tecno,7499.0,8999.0,16.0,4.3,2872.0,171.0,4.0,64.0,13MP Rear Camera,,5000.0,13.0,,1,117.171875,Budget,34.241381853610946
"MOTOROLA Edge 60 5G (PANTONE Shamrock, 256 GB)",MOTOROLA,25999.0,31999.0,18.0,4.3,5898.0,421.0,12.0,256.0,50MP + 50MP + 10MP,50MP Front Camera,5500.0,50.0,50.0,3,101.55859375,Midrange,37.33491393321322
"Infinix SMART 8 HD (Timber Black, 64 GB)",Infinix,6999.0,8999.0,22.0,4.3,1652.0,64.0,4.0,64.0,13MP + AI Lens,8MP Front Camera,5000.0,13.0,8.0,1,109.359375,Budget,31.864492520630403
"REDMI A5 (Jaisalmer Gold, 64 GB)",REDMI,8999.0,,,4.1,8699.0,415.0,3.0,64.0,32MP Rear Camera,8MP Front Camera,5200.0,32.0,8.0,1,140.609375,Budget,37.191421049034965
"Infinix GT 20 Pro (Mecha Orange, 256 GB)",Infinix,24999.0,31999.0,21.0,4.3,13636.0,1109.0,8.0,256.0,108MP (OIS) + 2MP + 2MP,32MP Front Camera,5000.0,108.0,32.0,3,97.65234375,Midrange,40.938330453188684
"Google Pixel 6a (Chalk, 128 GB)",Google,43999.0,,,4.3,75014.0,8416.0,6.0,128.0,12.2MP + 12MP,8MP Front Camera,4410.0,12.2,8.0,2,343.7421875,Upper Midrange,48.269406501840784
"OnePlus Nord CE 3 Lite 5G (Chromatic Gray, 256 GB)",OnePlus,17999.0,21999.0,18.0,4.4,168541.0,8494.0,8.0,256.0,108MP Rear Camera,,5000.0,108.0,,1,70.30859375,Midrange,52.95373712585061
"vivo T2x 5G (Marine Blue, 128 GB)",Vivo,11999.0,17999.0,33.0,4.4,161432.0,8729.0,4.0,128.0,50MP + 2MP,8MP Front Camera,5000.0,50.0,8.0,2,93.7421875,Budget,52.76412008949503
"Motorola g64 5G (Berry Red, 256 GB)",MOTOROLA,15999.0,19999.0,20.0,4.2,87947.0,5505.0,12.0,256.0,50MP (OIS) + 8MP,16MP Front Camera,6000.0,50.0,16.0,2,62.49609375,Midrange,47.81490424079818
"realme 12x 5G (Coral Red, 128 GB)",realme,12499.0,17999.0,30.0,4.4,94805.0,4645.0,6.0,128.0,50MP + 2MP,8MP Front Camera,5000.0,50.0,8.0,2,97.6484375,Budget,50.42218710047004
"REDMI 12 (Pastel Blue, 128 GB)",REDMI,9999.0,15999.0,37.0,4.2,74835.0,4336.0,6.0,128.0,50MP + 8MP + 2MP,8MP Front Camera,5000.0,50.0,8.0,3,78.1171875,Budget,47.1368281927423
"Infinix SMART 9 HD (Metallic Black, 64 GB)",Infinix,6699.0,8999.0,25.0,4.1,4419.0,266.0,3.0,64.0,13MP Rear Camera,8MP Front Camera,5000.0,13.0,8.0,1,104.671875,Budget,34.414969397794145
"realme C63 (Jade Green, 64 GB)",realme,8499.0,9999.0,15.0,4.3,11002.0,555.0,4.0,64.0,50MP Rear Camera,8MP Front Camera,5000.0,50.0,8.0,1,132.796875,Budget,40.015469940040624
"MOTOROLA G96 5G (Pantone Cattleya Orchid, 256 GB)",MOTOROLA,22999.0,,,4.4,89801.0,5025.0,8.0,256.0,50MP + 8MP,32MP Front Camera,5500.0,50.0,32.0,2,89.83984375,Midrange,50.18359511333169
"realme C51 (Mint Green, 128 GB)",realme,9499.0,11999.0,20.0,4.3,79037.0,3442.0,4.0,128.0,50MP + 0.08MP,5MP Front Camera,5000.0,50.0,5.0,2,74.2109375,Budget,48.49404132236889
"realme Narzo 100 Lite 5G (Thunder Black, 64 GB)",realme,14481.0,22999.0,37.0,4.0,259.0,13.0,4.0,64.0,13MP Rear Camera,,7000.0,13.0,,1,226.265625,Budget,22.24272652406211
"IQOO Z10R 5G (Moonstone, 128 GB)",IQOO,23082.0,23499.0,1.0,4.4,5328.0,318.0,8.0,128.0,50MP Rear Camera,,5700.0,50.0,,1,180.328125,Midrange,37.75604308210584
"IQOO 15R 5G (Dark Knight, 256 GB)",IQOO,46887.0,53999.0,13.0,4.6,125.0,17.0,8.0,256.0,50MP Rear Camera,,7600.0,50.0,,1,183.15234375,Upper Midrange,22.246896771976797
"Infinix GT 30 5G+ Blade White 256 (Blade White, 256 GB)",Infinix,23999.0,26999.0,11.0,4.5,86.0,6.0,8.0,256.0,64MP + 8MP,13MP Front Camera,5500.0,64.0,13.0,2,93.74609375,Midrange,20.096586533945626
"Samsung Galaxy A06 5G (Light Green, 64 GB)",Samsung,12290.0,13999.0,12.0,4.1,3656.0,236.0,4.0,64.0,50MP + 50MP,2MP + 2MP Dual Front Camera,5000.0,50.0,2.0,2,192.03125,Budget,33.63803351441246
"Samsung M36 5G (Orange Haze / Orange, 128 GB)",Samsung,20999.0,26999.0,22.0,4.3,3728.0,228.0,6.0,128.0,50MP Rear Camera,,5000.0,50.0,,1,164.0546875,Midrange,35.36275013476893
"Nothing Phone (4a) (Black, 256 GB)",Nothing,40999.0,,,4.5,796.0,75.0,12.0,256.0,50MP + 50MP + 8MP,32MP Front Camera,5400.0,50.0,32.0,3,160.15234375,Upper Midrange,30.063846054555967
"MOTOROLA Edge 60 Pro (Pantone Shadow, 256 GB)",MOTOROLA,29999.0,36999.0,18.0,4.3,51272.0,3850.0,8.0,256.0,50MP + 50MP + 10MP,50MP Front Camera,6000.0,50.0,50.0,3,117.18359375,Midrange,46.63315418031144
"realme P4 Lite 5G (Mosaic Blue, 128 GB)",realme,18499.0,36999.0,50.0,4.3,817.0,64.0,6.0,128.0,13MP Rear Camera,5MP Front Camera,7000.0,13.0,5.0,1,144.5234375,Midrange,28.83950804739181
"Samsung Galaxy S25 FE 5G (Navy, 128 GB)",Samsung,59999.0,,,4.6,1280.0,128.0,8.0,128.0,50MP + 12MP + 8MP,12MP Front Camera,4900.0,50.0,12.0,3,468.7421875,Premium,32.91482298872497
"Samsung Galaxy F36 5G (Black, 128 GB)",Samsung,19999.0,22999.0,13.0,4.3,11243.0,760.0,6.0,128.0,50MP + 8MP + 2MP,13MP Front Camera,5000.0,50.0,13.0,3,156.2421875,Midrange,40.108636707713615
"IQOO 15R 5G (Triumph Silver, 512 GB)",IQOO,58500.0,61999.0,5.0,4.6,98.0,12.0,12.0,512.0,50MP Rear Camera,,7600.0,50.0,,1,114.2578125,Premium,21.137551310619113
"realme P4 Lite (Beach Gold, 128 GB)",realme,13999.0,,,4.1,2507.0,145.0,4.0,128.0,13MP Rear Camera,5MP Front Camera,6300.0,13.0,5.0,1,109.3671875,Budget,32.09168769718652
"MOTOROLA Signature (PANTONE Carbon, 256 GB)",MOTOROLA,57499.0,74999.0,23.0,4.5,406.0,57.0,12.0,256.0,50MP + 50MP + 50MP,50MP Front Camera,5200.0,50.0,50.0,3,224.60546875,Premium,27.039659334491674
"Nothing Phone (4a) (White, 256 GB)",Nothing,37999.0,,,4.4,4214.0,447.0,8.0,256.0,50MP + 50MP + 8MP,32MP Front Camera,5400.0,50.0,32.0,3,148.43359375,Upper Midrange,36.72418142991821
"Samsung Galaxy S25 FE 5G (Navy, 256 GB)",Samsung,65999.0,,,4.6,1280.0,128.0,8.0,256.0,50MP + 12MP + 8MP,12MP Front Camera,4900.0,50.0,12.0,3,257.80859375,Premium,32.91482298872497
"IQOO 15R 5G (Dark Knight, 256 GB)",IQOO,50599.0,56999.0,11.0,4.6,98.0,12.0,12.0,256.0,50MP Rear Camera,,7600.0,50.0,,1,197.65234375,Premium,21.137551310619113
"realme 15T 5G (Flowing Silver, 256 GB)",realme,29999.0,33999.0,11.0,4.2,6398.0,448.0,8.0,256.0,50MP + 2MP,50MP Front Camera,7000.0,50.0,50.0,2,117.18359375,Midrange,36.808367429985736
"Apple iPhone 17e (Black, 256 GB)",Apple,64900.0,,,4.6,168.0,13.0,,256.0,48MP Rear Camera,,,48.0,,1,253.515625,Premium,23.597534088646135
"Samsung Galaxy A06 (Black, 64 GB)",Samsung,10349.0,11499.0,10.0,4.1,595.0,33.0,4.0,64.0,50MP + 2MP,8MP Front Camera,5000.0,50.0,8.0,2,161.703125,Budget,26.199986734967933
"REDMI 15A (Awesome Blue, 64 GB)",REDMI,14999.0,16999.0,11.0,3.9,276.0,23.0,4.0,64.0,32MP Rear Camera,8MP Front Camera,6300.0,32.0,8.0,1,234.359375,Budget,21.93366827413062
"MOTOROLA edge 70 pro (Tailored Fabric - PANTONE Titan (Blue), 256 GB)",MOTOROLA,42999.0,56999.0,24.0,4.3,146.0,30.0,12.0,256.0,50MP + 50MP,50MP Front Camera,6500.0,50.0,50.0,2,167.96484375,Upper Midrange,21.458860123148565
"Samsung Galaxy A36 5G (Awesome Black, 128 GB)",Samsung,28378.0,39499.0,28.0,4.3,2249.0,178.0,8.0,128.0,50MP + 8MP,12MP Front Camera,5000.0,50.0,12.0,2,221.703125,Midrange,33.190347629353404
"Samsung Galaxy S25 FE 5G (Jetblack, 128 GB)",Samsung,59999.0,,,4.6,1280.0,128.0,8.0,128.0,50MP + 12MP + 8MP,12MP Front Camera,4900.0,50.0,12.0,3,468.7421875,Premium,32.91482298872497
"OPPO K13 Turbo Pro 5G (Midnight Maverick, 256 GB)",OPPO,33999.0,44999.0,24.0,4.5,557.0,52.0,12.0,256.0,50MP + 2MP,16MP Front Camera,7000.0,50.0,16.0,2,132.80859375,Upper Midrange,28.4596153307159
"realme P4x 5G (Lake Green, 256 GB)",realme,20999.0,,,4.3,5477.0,422.0,8.0,256.0,50MP + 2MP,8MP Front Camera,7000.0,50.0,8.0,2,82.02734375,Midrange,37.016530004239
"IQOO 15R 5G (Dark Knight, 512 GB)",IQOO,59900.0,61999.0,3.0,4.6,98.0,12.0,12.0,512.0,50MP Rear Camera,,7600.0,50.0,,1,116.9921875,Premium,21.137551310619113
"realme 15T 5G (Flowing Silver, 128 GB)",realme,27999.0,31999.0,12.0,4.2,6398.0,448.0,8.0,128.0,50MP + 2MP,50MP Front Camera,7000.0,50.0,50.0,2,218.7421875,Midrange,36.808367429985736
"realme 15T 5G (Silk Blue, 128 GB)",realme,27999.0,31999.0,12.0,4.2,6398.0,448.0,8.0,128.0,50MP + 2MP,50MP Front Camera,7000.0,50.0,50.0,2,218.7421875,Midrange,36.808367429985736
"Samsung Galaxy S25 FE 5G (White, 128 GB)",Samsung,59999.0,,,4.6,1280.0,128.0,8.0,128.0,50MP + 12MP + 8MP,12MP Front Camera,4900.0,50.0,12.0,3,468.7421875,Premium,32.91482298872497
"MOTOROLA Edge 60 Fusion 5G (PANTONE Amazonite, 256 GB)",MOTOROLA,24999.0,25999.0,3.0,4.4,120468.0,7120.0,8.0,256.0,50MP + 13MP,32MP Front Camera,5500.0,50.0,32.0,2,97.65234375,Midrange,51.47625004458053
"Samsung Galaxy A17 5G (Black, 128 GB)",Samsung,22499.0,,,4.3,1169.0,93.0,8.0,128.0,50MP + 5MP + 2MP,13MP Front Camera,5000.0,50.0,13.0,3,175.7734375,Midrange,30.37846381950475
"vivo X200T (Stellar Black, 512 GB)",Vivo,69999.0,87999.0,20.0,4.6,4003.0,784.0,12.0,512.0,50MP + 50MP + 50MP,32MP Front Camera,6200.0,50.0,32.0,3,136.716796875,Premium,38.15722604600151
"vivo X200T (Seaside Lilac, 256 GB)",Vivo,59999.0,79999.0,25.0,4.6,4003.0,784.0,12.0,256.0,50MP + 50MP + 50MP,32MP Front Camera,6200.0,50.0,32.0,3,234.37109375,Premium,38.15722604600151
"vivo X200T (Seaside Lilac, 512 GB)",Vivo,69999.0,87999.0,20.0,4.6,4003.0,784.0,12.0,512.0,50MP + 50MP + 50MP,32MP Front Camera,6200.0,50.0,32.0,3,136.716796875,Premium,38.15722604600151
"Samsung Galaxy A17 5G (Blue, 128 GB)",Samsung,20999.0,,,4.3,1188.0,86.0,6.0,128.0,50MP + 5MP + 2MP,13MP Front Camera,5000.0,50.0,13.0,3,164.0546875,Midrange,30.447731955770358
"Alcatel V3 Ultra 5G (Hyper Blue, 128 GB)",Alcatel,21999.0,29999.0,26.0,4.1,262.0,30.0,8.0,128.0,108MP + 8MP + 2MP,32MP Front Camera,5010.0,108.0,32.0,3,171.8671875,Midrange,22.845831531928834
"MOTOROLA Edge 60 Pro (Pantone Dazzling Blue, 256 GB)",MOTOROLA,29999.0,36999.0,18.0,4.3,51272.0,3850.0,8.0,256.0,50MP + 50MP + 10MP,50MP Front Camera,6000.0,50.0,50.0,3,117.18359375,Midrange,46.63315418031144
"realme Narzo 100 Lite 5G (Thunder Black, 128 GB)",realme,16212.0,27999.0,42.0,4.0,259.0,13.0,4.0,128.0,13MP Rear Camera,,7000.0,13.0,,1,126.65625,Midrange,22.24272652406211
"MOTOROLA Edge 60 Pro (Pantone Shadow, 512 GB)",MOTOROLA,37999.0,42999.0,11.0,4.4,3330.0,265.0,16.0,512.0,50MP + 50MP + 10MP,50MP Front Camera,6000.0,50.0,50.0,3,74.216796875,Upper Midrange,35.68852248805219
"Alcatel V3 Ultra 5G (Ocean Grey, 128 GB)",Alcatel,19999.0,27999.0,28.0,3.9,300.0,38.0,6.0,128.0,108MP + 8MP + 2MP,32MP Front Camera,5010.0,108.0,32.0,3,156.2421875,Midrange,22.257730032520612
"IQOO 15R 5G (Triumph Silver, 256 GB)",IQOO,47300.0,53999.0,12.0,4.6,125.0,17.0,8.0,256.0,50MP Rear Camera,,7600.0,50.0,,1,184.765625,Upper Midrange,22.246896771976797
"vivo X200T (Stellar Black, 256 GB)",Vivo,59999.0,79999.0,25.0,4.6,4003.0,784.0,12.0,256.0,50MP + 50MP + 50MP,32MP Front Camera,6200.0,50.0,32.0,3,234.37109375,Premium,38.15722604600151
"Samsung Galaxy A26 5G (Awesome black, Black, 128 GB)",Samsung,22979.0,27999.0,17.0,3.9,424.0,37.0,8.0,128.0,50MP + 8MP,13MP Front Camera,5000.0,50.0,13.0,2,179.5234375,Midrange,23.603147758805225
"OnePlus Nord CE6 (Pitch Black, 256 GB)",OnePlus,36169.0,43999.0,17.0,4.3,49.0,5.0,8.0,256.0,50MP Rear Camera,2MP Front Camera,8000.0,50.0,2.0,1,141.28515625,Upper Midrange,16.821698923341028
"realme Gt 7 (Icesense Blue, 512 GB)",realme,41999.0,52999.0,20.0,4.4,830.0,84.0,12.0,512.0,50MP + 50MP + 50MP + 8MP,32MP + 32MP Dual Front Camera,7000.0,50.0,32.0,4,82.029296875,Upper Midrange,29.579571097363974
"realme P4 Power 5G (TransSilver, 128 GB)",realme,29499.0,32999.0,10.0,4.5,4920.0,461.0,8.0,128.0,50MP + 8MP,,,50.0,,2,230.4609375,Midrange,38.2557016838969
"OnePlus 13s 5G (Black Velvet, 512 GB)",OnePlus,55966.0,62999.0,11.0,4.6,1861.0,150.0,12.0,512.0,50MP Rear Camera,,5850.0,50.0,,1,109.30859375,Premium,34.63526970605025
"Samsung Galaxy S25 5G (Silver Shadow, 128 GB)",Samsung,74999.0,,,4.6,3544.0,405.0,12.0,128.0,50MP + 10MP + 12MP,12MP Front Camera,4000.0,50.0,12.0,3,585.9296875,Premium,37.59714981924465
"REDMI 15C 5G (Midnight Black, 128 GB)",REDMI,17970.0,31999.0,43.0,4.2,255.0,13.0,6.0,128.0,50MP Rear Camera,,6000.0,50.0,,1,140.390625,Midrange,23.289745266814162
"Samsung Galaxy M17e (Vibe Violet, 128 GB)",Samsung,15469.0,20999.0,26.0,4.1,96.0,5.0,6.0,128.0,50MP Rear Camera,2MP Front Camera,6000.0,50.0,2.0,1,120.8515625,Midrange,18.75631501186387
"OnePlus Nord CE6 (Fresh Blue, 256 GB)",OnePlus,36104.0,43999.0,17.0,4.3,49.0,5.0,8.0,256.0,50MP Rear Camera,2MP Front Camera,8000.0,50.0,2.0,1,141.03125,Upper Midrange,16.821698923341028
"IQOO Neo 10 (Asphalt Black, 256 GB)",IQOO,38488.0,45999.0,16.0,4.5,1717.0,132.0,8.0,256.0,50MP + 50MP + 8MP,32MP + 32MP Dual Front Camera,7000.0,50.0,32.0,3,150.34375,Upper Midrange,33.5201224614489
"Nothing Phone (4a) (Blue, 256 GB)",Nothing,40999.0,43999.0,6.0,4.4,4214.0,447.0,8.0,256.0,50MP + 50MP + 8MP,32MP Front Camera,5400.0,50.0,32.0,3,160.15234375,Upper Midrange,36.72418142991821
"MOTOROLA Edge 60 Fusion 5G (PANTONE Amazonite, 256 GB)",MOTOROLA,27999.0,,,4.4,45312.0,2675.0,12.0,256.0,50MP + 13MP,32MP Front Camera,5500.0,50.0,32.0,2,109.37109375,Midrange,47.17393668248321
"Alcatel V3 Ultra 5G (Hyper Blue, 128 GB)",Alcatel,19999.0,27999.0,28.0,3.9,300.0,38.0,6.0,128.0,108MP + 8MP + 2MP,32MP Front Camera,5010.0,108.0,32.0,3,156.2421875,Midrange,22.257730032520612
"Samsung Galaxy A06 5G (Black, 128 GB)",Samsung,15499.0,,,4.1,3656.0,236.0,4.0,128.0,50MP + 2MP,8MP Front Camera,5000.0,50.0,8.0,2,121.0859375,Midrange,33.63803351441246
"Samsung Galaxy S26 5G (White, 256 GB)",Samsung,87999.0,,,4.6,308.0,99.0,12.0,256.0,50MP + 12MP,12MP Front Camera,4300.0,50.0,12.0,2,343.74609375,Premium,26.37336987372963
"realme P4 Lite 5G (Mosaic Green, 128 GB)",realme,18499.0,36999.0,50.0,4.3,817.0,64.0,6.0,128.0,13MP Rear Camera,5MP Front Camera,7000.0,13.0,5.0,1,144.5234375,Midrange,28.83950804739181
"REDMI 15C 5G (Moonlight Blue, 128 GB)",REDMI,16988.0,29999.0,43.0,3.8,340.0,36.0,4.0,128.0,50MP Rear Camera,,6000.0,50.0,,1,132.71875,Midrange,22.161153413677365
"realme Narzo 100 Lite 5G (Frost Silver, 64 GB)",realme,14577.0,24999.0,41.0,4.0,259.0,13.0,4.0,64.0,13MP Rear Camera,5MP Front Camera,7000.0,13.0,5.0,1,227.765625,Budget,22.24272652406211
"MOTOROLA Edge 60 Pro (Pantone Sparkling Grape, 256 GB)",MOTOROLA,33999.0,40999.0,17.0,4.3,15295.0,1239.0,12.0,256.0,50MP + 50MP + 10MP,50MP Front Camera,6000.0,50.0,50.0,3,132.80859375,Upper Midrange,41.431990531752085
"realme Narzo 100 Lite 5G (Frost Silver, 128 GB)",realme,15388.0,27999.0,45.0,4.0,259.0,13.0,4.0,128.0,13MP Rear Camera,,7000.0,13.0,,1,120.21875,Midrange,22.24272652406211
"MOTOROLA Edge 70 Fusion (Pantone ORIENT BLUE, 256 GB)",MOTOROLA,32999.0,45999.0,28.0,4.4,8423.0,909.0,8.0,256.0,50MP + 13MP,32MP Front Camera,7000.0,50.0,32.0,2,128.90234375,Upper Midrange,39.77089623678077
"REDMI 15A (Ace Black, 64 GB)",REDMI,14999.0,16999.0,11.0,3.9,276.0,23.0,4.0,64.0,32MP Rear Camera,8MP Front Camera,6300.0,32.0,8.0,1,234.359375,Budget,21.93366827413062
"Apple iPhone 16 Plus (Ultramarine, 128 GB)",Apple,79900.0,,,4.6,4059.0,250.0,,128.0,48MP + 12MP,12MP Front Camera,,48.0,12.0,2,624.21875,Premium,38.221115961940576
"Infinix GT 30 5G+ Cyber Blue 128 (Cyber Blue, 128 GB)",Infinix,21999.0,24999.0,12.0,4.5,570.0,32.0,8.0,128.0,64MP + 8MP,13MP Front Camera,5500.0,64.0,13.0,2,171.8671875,Midrange,28.563251443452046
"realme P4 Power 5G (TransSilver, 256 GB)",realme,31499.0,34999.0,10.0,4.5,4920.0,461.0,8.0,256.0,50MP + 8MP,,,50.0,,2,123.04296875,Upper Midrange,38.2557016838969
"OnePlus 13s 5G (Black Velvet, 256 GB)",OnePlus,51365.0,57999.0,11.0,4.6,1861.0,150.0,12.0,256.0,50MP Rear Camera,,5850.0,50.0,,1,200.64453125,Premium,34.63526970605025
"OnePlus 13R 5g (Astral Trail, 256 GB)",OnePlus,44950.0,44999.0,0.11,4.5,5999.0,369.0,12.0,256.0,50MP Rear Camera,,6000.0,50.0,,1,175.5859375,Upper Midrange,39.14781636694586
"Apple iPhone 17 Pro (Deep Blue, 256 GB)",Apple,134900.0,,,4.7,1963.0,149.0,,256.0,48MP + 48MP + 48MP,18MP Front Camera,,48.0,18.0,3,526.953125,Premium,35.63887089789773
"OnePlus 13s 5G (Green Silk, 512 GB)",OnePlus,55983.0,62999.0,11.0,4.6,1861.0,150.0,12.0,512.0,50MP Rear Camera,,5850.0,50.0,,1,109.341796875,Premium,34.63526970605025
"OPPO K13 Turbo Pro 5G (Silver Knight, 256 GB)",OPPO,33999.0,44999.0,24.0,4.5,557.0,52.0,12.0,256.0,50MP + 2MP,16MP Front Camera,7000.0,50.0,16.0,2,132.80859375,Upper Midrange,28.4596153307159
"POCO X8 Pro Charger in the Box (Green, 256 GB)",POCO,34999.0,50999.0,31.0,4.3,1661.0,325.0,8.0,256.0,50MP + 8MP,20MP Front Camera,6500.0,50.0,20.0,2,136.71484375,Upper Midrange,31.887840994286194
"vivo Y21 5G (Champagne Gold, 128 GB)",Vivo,18999.0,32999.0,42.0,4.0,21.0,2.0,4.0,128.0,50MP + 0.08MP,5MP Front Camera,6500.0,50.0,5.0,2,148.4296875,Midrange,12.364169813433264
"realme P4 Power 5G (TransBlue, 128 GB)",realme,29499.0,32999.0,10.0,4.5,4920.0,461.0,8.0,128.0,50MP + 8MP,,,50.0,,2,230.4609375,Midrange,38.2557016838969
"realme Gt 7 (Icesense Black, 256 GB)",realme,38999.0,48999.0,20.0,4.4,830.0,84.0,12.0,256.0,50MP + 50MP + 50MP + 8MP,32MP + 32MP Dual Front Camera,7000.0,50.0,32.0,4,152.33984375,Upper Midrange,29.579571097363974
"Samsung Galaxy A17 5G (Blue, 256 GB)",Samsung,25499.0,,,4.3,1169.0,93.0,8.0,256.0,50MP + 5MP + 2MP,13MP Front Camera,5000.0,50.0,13.0,3,99.60546875,Midrange,30.37846381950475
"REDMI 15 5G (Frosted White, 128 GB)",REDMI,19814.0,19999.0,0.93,4.3,2327.0,130.0,6.0,128.0,50MP Rear Camera,,7000.0,50.0,,1,154.796875,Midrange,33.33688867806071
"OnePlus 12 (Glacial White, 256 GB)",OnePlus,49180.0,64999.0,24.0,4.6,1595.0,141.0,12.0,256.0,50MP Rear Camera,,5400.0,50.0,,1,192.109375,Upper Midrange,33.92617657884487
"REDMI 15C 5G (Moonlight Blue, 128 GB)",REDMI,17778.0,17999.0,1.0,4.2,255.0,13.0,6.0,128.0,50MP Rear Camera,,6000.0,50.0,,1,138.890625,Midrange,23.289745266814162
"vivo V60 5G (Mist Gray, 128 GB)",Vivo,37999.0,41999.0,9.0,4.5,3896.0,324.0,8.0,128.0,50MP + 8MP + 50MP,50MP Front Camera,6500.0,50.0,50.0,3,296.8671875,Upper Midrange,37.205830374024195
"Apple iPhone 16 Plus (White, 128 GB)",Apple,79900.0,,,4.6,4059.0,250.0,,128.0,48MP + 12MP,12MP Front Camera,,48.0,12.0,2,624.21875,Premium,38.221115961940576
"Apple iPhone 17e (White, 256 GB)",Apple,64900.0,,,4.6,168.0,13.0,,256.0,48MP Rear Camera,,,48.0,,1,253.515625,Premium,23.597534088646135
"realme P4 Power 5G (TransBlue, 256 GB)",realme,31499.0,34999.0,10.0,4.5,4920.0,461.0,8.0,256.0,50MP + 8MP,,,50.0,,2,123.04296875,Upper Midrange,38.2557016838969
"realme P4 Power 5G (TransSilver, 256 GB)",realme,34499.0,37999.0,9.0,4.4,1236.0,161.0,12.0,256.0,50MP + 8MP,,,50.0,,2,134.76171875,Upper Midrange,31.32995523852695
"Google Pixel 10 (Obsidian, 256 GB)",Google,74999.0,79999.0,6.0,4.5,2564.0,212.0,12.0,256.0,48MP + 13MP + 10.8MP,10.5MP Front Camera,4970.0,48.0,10.5,3,292.96484375,Premium,35.32371190922191
"POCO X8 Pro Charger in the Box (Black, 256 GB)",POCO,37999.0,52999.0,28.0,4.4,509.0,76.0,12.0,256.0,50MP + 8MP,20MP Front Camera,6500.0,50.0,20.0,2,148.43359375,Upper Midrange,27.431407193160837
"Alcatel V3 Ultra 5G (Champagne Gold, 128 GB)",Alcatel,19999.0,27999.0,28.0,3.9,300.0,38.0,6.0,128.0,108MP + 8MP + 2MP,32MP Front Camera,5010.0,108.0,32.0,3,156.2421875,Midrange,22.257730032520612
"OPPO Reno15c 5G (Afterglow Pink, 256 GB)",OPPO,44999.0,46999.0,4.0,4.4,154.0,17.0,12.0,256.0,50MP + 8MP + 2MP,,7000.0,50.0,,3,175.77734375,Upper Midrange,22.19107051444469
"MOTOROLA g37 power (PANTONE Nautical Blue, 128 GB)",MOTOROLA,25999.0,37999.0,31.0,,,,8.0,128.0,50MP Rear Camera,8MP Front Camera,7000.0,50.0,8.0,1,203.1171875,Midrange,
"Samsung Galaxy A17 5G (Black, 128 GB)",Samsung,18999.0,21999.0,13.0,4.3,1188.0,86.0,6.0,128.0,50MP + 5MP + 2MP,13MP Front Camera,5000.0,50.0,13.0,3,148.4296875,Midrange,30.447731955770358
"Ai+ Nova 2 5G (Purple, 128 GB)",Ai+,14999.0,,,4.2,1554.0,95.0,6.0,128.0,50MP Rear Camera,8MP Front Camera,6000.0,50.0,8.0,1,117.1796875,Budget,30.866769463376006
"Tecno Pova Slim 5G (Slim White, 128 GB)",Tecno,21499.0,24999.0,14.0,4.3,1216.0,85.0,8.0,128.0,50MP + 2MP,13MP Front Camera,5160.0,50.0,13.0,2,167.9609375,Midrange,30.547819599846363
"realme P4 Power 5G (TransOrange, 256 GB)",realme,31499.0,34999.0,10.0,4.5,4920.0,461.0,8.0,256.0,50MP + 8MP,,,50.0,,2,123.04296875,Upper Midrange,38.2557016838969
"OnePlus Nord 6 (Quick Silver, 256 GB)",OnePlus,44314.0,52999.0,16.0,4.5,1143.0,150.0,8.0,256.0,50MP Rear Camera,,9000.0,50.0,,1,173.1015625,Upper Midrange,31.690287773728844
"MOTOROLA Signature (PANTONE Martini Olive, 256 GB)",MOTOROLA,57499.0,74999.0,23.0,4.5,406.0,57.0,12.0,256.0,50MP + 50MP + 50MP,50MP Front Camera,5200.0,50.0,50.0,3,224.60546875,Premium,27.039659334491674
"Ai+ Nova 2 Ultra 5G (Purple, 128 GB)",Ai+,22999.0,26999.0,14.0,4.3,284.0,117.0,8.0,128.0,50MP + 8MP,13MP Front Camera,6000.0,50.0,13.0,2,179.6796875,Midrange,24.305703475155198
"MOTOROLA Edge 70 Fusion (Pantone BLUE SURF, 256 GB)",MOTOROLA,34999.0,49999.0,30.0,4.3,1707.0,178.0,12.0,256.0,50MP + 13MP,32MP Front Camera,7000.0,50.0,32.0,2,136.71484375,Upper Midrange,32.00523700969862
"realme Narzo 80 Pro 5G (Racing Green, 256 GB)",realme,24999.0,25999.0,3.0,4.4,1235.0,68.0,8.0,256.0,50MP Rear Camera,,6000.0,50.0,,1,97.65234375,Midrange,31.3263968072776
"REDMI A7 Pro 5G (Mist Blue, 64 GB)",REDMI,13750.0,26999.0,49.0,4.1,436.0,41.0,4.0,64.0,32MP Rear Camera,,6300.0,32.0,,1,214.84375,Budget,24.927726099891917
"REDMI A7 Pro 5G (Sunset Orange, 64 GB)",REDMI,13848.0,15999.0,13.0,4.1,436.0,41.0,4.0,64.0,32MP Rear Camera,,6300.0,32.0,,1,216.375,Budget,24.927726099891917
"realme Gt 7 (Icesense Black, 256 GB)",realme,36999.0,45999.0,19.0,4.4,797.0,102.0,8.0,256.0,50MP + 50MP + 50MP + 8MP,32MP + 32MP Dual Front Camera,7000.0,50.0,32.0,4,144.52734375,Upper Midrange,29.40127782877916
"OPPO K13 Turbo Pro 5G (Purple Phantom, 256 GB)",OPPO,31999.0,41999.0,23.0,4.4,314.0,26.0,8.0,256.0,50MP + 2MP,16MP Front Camera,7000.0,50.0,16.0,2,124.99609375,Upper Midrange,25.311319610832786
"realme P4 Power 5G (TransOrange, 128 GB)",realme,29499.0,32999.0,10.0,4.5,4920.0,461.0,8.0,128.0,50MP + 8MP,,,50.0,,2,230.4609375,Midrange,38.2557016838969
"vivo Y21 5G (Midnight Blue, 128 GB)",Vivo,22999.0,38999.0,41.0,3.9,16.0,1.0,8.0,128.0,50MP + 0.08MP,5MP Front Camera,6500.0,50.0,5.0,2,179.6796875,Midrange,11.049532041819242
"Infinix GT 30 Pro 5G+ (Dark Flare, 256 GB)",Infinix,29999.0,34999.0,14.0,4.3,1260.0,101.0,12.0,256.0,108MP + 8MP,13MP Front Camera,5500.0,108.0,13.0,2,117.18359375,Midrange,30.700539444649156
"Infinix GT 30 Pro 5G+ (Blade White, 256 GB)",Infinix,29999.0,34999.0,14.0,4.3,1260.0,101.0,12.0,256.0,108MP + 8MP,13MP Front Camera,5500.0,108.0,13.0,2,117.18359375,Midrange,30.700539444649156
"Infinix GT 30 Pro 5G+ (Dark Flare, 256 GB)",Infinix,27999.0,31999.0,12.0,4.3,2409.0,188.0,8.0,256.0,108MP + 8MP,13MP Front Camera,5500.0,108.0,13.0,2,109.37109375,Midrange,33.485742713884214
"REDMI 15A (Amaze Purple, 128 GB)",REDMI,17999.0,19999.0,10.0,3.7,63.0,5.0,6.0,128.0,32MP Rear Camera,8MP Front Camera,6300.0,32.0,8.0,1,140.6171875,Midrange,15.387867408430786
"realme Narzo 80 Pro 5G (Speed Silver, 256 GB)",realme,26999.0,27999.0,3.0,4.5,194.0,20.0,12.0,256.0,50MP Rear Camera,,6000.0,50.0,,1,105.46484375,Midrange,23.72849801353686
"realme Narzo 80 Pro 5G (Speed Silver, 256 GB)",realme,24275.0,25999.0,6.0,4.4,1235.0,68.0,8.0,256.0,50MP Rear Camera,,6000.0,50.0,,1,94.82421875,Midrange,31.3263968072776
"MOTOROLA g57 power 5G Snapdragon (Pantone Regatta, 128 GB)",MOTOROLA,21999.0,,,4.4,44116.0,2735.0,8.0,128.0,50MP + 8MP,8MP Front Camera,7000.0,50.0,8.0,2,171.8671875,Midrange,47.05624208860104
"IQOO 15 5G (Legend, 512 GB)",IQOO,77400.0,83999.0,7.0,4.5,87.0,11.0,16.0,512.0,50MP Rear Camera,,7000.0,50.0,,1,151.171875,Premium,20.14801566515193
"Apple iPhone 16 Plus (Black, 256 GB)",Apple,89900.0,,,4.6,4059.0,250.0,,256.0,48MP + 12MP,12MP Front Camera,,48.0,12.0,2,351.171875,Premium,38.221115961940576
"OnePlus Nord 6 (Quick Silver, 256 GB)",OnePlus,44300.0,52999.0,16.0,4.5,1143.0,150.0,8.0,256.0,50MP Rear Camera,,9000.0,50.0,,1,173.046875,Upper Midrange,31.690287773728844
"OPPO K13 Turbo Pro 5G (Silver Knight, 256 GB)",OPPO,31999.0,41999.0,23.0,4.4,314.0,26.0,8.0,256.0,50MP + 2MP,16MP Front Camera,7000.0,50.0,16.0,2,124.99609375,Upper Midrange,25.311319610832786
"realme 15x 5G (Marine Blue, 128 GB)",realme,23999.0,28999.0,17.0,4.3,3598.0,251.0,6.0,128.0,50MP Rear Camera,50MP Front Camera,7000.0,50.0,50.0,1,187.4921875,Midrange,35.21016862473983
"Samsung Galaxy M17e (Vibe Violet, 128 GB)",Samsung,13334.0,16999.0,21.0,3.8,59.0,4.0,4.0,128.0,50MP Rear Camera,2MP Front Camera,6000.0,50.0,2.0,1,104.171875,Budget,15.558509336443981
"OnePlus 15R 5G (Charcoal Black, 256 GB)",OnePlus,54990.0,54999.0,0.02,4.6,1297.0,88.0,12.0,256.0,50MP Rear Camera,,7400.0,50.0,,1,214.8046875,Premium,32.97546752741456
"vivo Y21 5G (Champagne Gold, 128 GB)",Vivo,22999.0,38999.0,41.0,3.9,16.0,1.0,8.0,128.0,50MP + 0.08MP,5MP Front Camera,6500.0,50.0,5.0,2,179.6796875,Midrange,11.049532041819242
"REDMI A7 Pro 5G (Black, 64 GB)",REDMI,13807.0,15999.0,13.0,4.1,436.0,41.0,4.0,64.0,32MP Rear Camera,,6300.0,32.0,,1,215.734375,Budget,24.927726099891917
"MOTOROLA Edge 70 (PANTONE Gadget Gray, 256 GB)",MOTOROLA,29999.0,34999.0,14.0,4.4,3963.0,396.0,8.0,256.0,50MP + 50MP,50MP Front Camera,5000.0,50.0,50.0,2,117.18359375,Midrange,36.45403913997947
"Samsung Galaxy M17e (Blitz Blue, 128 GB)",Samsung,13237.0,16999.0,22.0,3.8,59.0,4.0,4.0,128.0,50MP Rear Camera,2MP Front Camera,6000.0,50.0,2.0,1,103.4140625,Budget,15.558509336443981
"MOTOROLA Edge 60 Pro (Pantone Dazzling Blue, 512 GB)",MOTOROLA,37999.0,42999.0,11.0,4.4,3330.0,265.0,16.0,512.0,50MP + 50MP + 10MP,50MP Front Camera,6000.0,50.0,50.0,3,74.216796875,Upper Midrange,35.68852248805219
"Samsung Galaxy A07 5G (Light Violet, 128 GB)",Samsung,18499.0,21499.0,13.0,4.4,30.0,2.0,6.0,128.0,50MP + 2MP,8MP Front Camera,6000.0,50.0,8.0,2,144.5234375,Midrange,15.109543699734644
"MOTOROLA Edge 60 Pro (Pantone Shadow, 256 GB)",MOTOROLA,33999.0,40999.0,17.0,4.3,15295.0,1239.0,12.0,256.0,50MP + 50MP + 10MP,50MP Front Camera,6000.0,50.0,50.0,3,132.80859375,Upper Midrange,41.431990531752085
"realme Narzo Power 5G (Titan Blue, 256 GB)",realme,28993.0,37999.0,23.0,3.8,20.0,2.0,8.0,256.0,50MP Rear Camera,,,50.0,,1,113.25390625,Midrange,11.569185263349008
"REDMI 15 5G (Sandy Purple, 128 GB)",REDMI,21490.0,24999.0,14.0,4.3,4298.0,212.0,8.0,128.0,50MP Rear Camera,,7000.0,50.0,,1,167.890625,Midrange,35.97439218093401
"Samsung Galaxy S24 5G Snapdragon (Amber Yellow, 128 GB)",Samsung,49999.0,74999.0,33.0,4.6,57437.0,3731.0,8.0,128.0,50MP + 12MP,12MP Front Camera,4000.0,50.0,12.0,2,390.6171875,Upper Midrange,50.40892236720227
"vivo V70 FE (Monsoon Blue, 256 GB)",Vivo,40999.0,44999.0,8.0,4.3,332.0,39.0,8.0,256.0,200MP + 8MP,50MP Front Camera,7000.0,200.0,50.0,2,160.15234375,Upper Midrange,24.97501270691591
"OnePlus Nord 6 (Pitch Black, 256 GB)",OnePlus,45500.0,52999.0,14.0,4.5,1143.0,150.0,8.0,256.0,50MP Rear Camera,,9000.0,50.0,,1,177.734375,Upper Midrange,31.690287773728844
"realme Narzo Power 5G (Titan Blue, 128 GB)",realme,24193.0,35999.0,32.0,3.8,20.0,2.0,8.0,128.0,50MP Rear Camera,,,50.0,,1,189.0078125,Midrange,11.569185263349008
"OnePlus Nord 5 (Phantom Grey, 256 GB)",OnePlus,39990.0,39999.0,0.02,4.5,2312.0,148.0,8.0,256.0,50MP + 50MP + 8MP,50MP Front Camera,6800.0,50.0,50.0,3,156.2109375,Upper Midrange,34.858352980041474
"IQOO 15 5G (Alpha, 512 GB)",IQOO,77890.0,83999.0,7.0,4.5,87.0,11.0,16.0,512.0,50MP Rear Camera,,7000.0,50.0,,1,152.12890625,Premium,20.14801566515193
"vivo X300 FE (Urban Olive, 512 GB)",Vivo,89999.0,129999.0,30.0,4.4,72.0,12.0,12.0,512.0,50MP + 50MP + 8MP,50MP Front Camera,6500.0,50.0,50.0,3,175.779296875,Premium,18.87802154105292
"vivo X300 FE (Noir Black, 512 GB)",Vivo,89999.0,129999.0,30.0,4.4,72.0,12.0,12.0,512.0,50MP + 50MP + 8MP,50MP Front Camera,6500.0,50.0,50.0,3,175.779296875,Premium,18.87802154105292
"vivo X300 FE (Urban Olive, 256 GB)",Vivo,79999.0,119999.0,33.0,4.4,72.0,12.0,12.0,256.0,50MP + 50MP + 8MP,50MP Front Camera,6500.0,50.0,50.0,3,312.49609375,Premium,18.87802154105292
"vivo X300 FE (Noir Black, 256 GB)",Vivo,79999.0,119999.0,33.0,4.4,72.0,12.0,12.0,256.0,50MP + 50MP + 8MP,50MP Front Camera,6500.0,50.0,50.0,3,312.49609375,Premium,18.87802154105292
"LAVA Agni 3 5G (Pristine Glass, 128 GB)",LAVA,20999.0,25999.0,19.0,3.7,358.0,36.0,8.0,128.0,50MP Rear Camera,,5000.0,50.0,,1,164.0546875,Midrange,21.768292837406634
"REDMI 15C 5G (Midnight Black, 128 GB)",REDMI,20999.0,,,4.3,202.0,15.0,8.0,128.0,50MP Rear Camera,,6000.0,50.0,,1,164.0546875,Midrange,22.846785709879683
"REDMI 15 5G (Sandy Purple, 128 GB)",REDMI,19645.0,19999.0,1.0,4.3,2327.0,130.0,6.0,128.0,50MP Rear Camera,,7000.0,50.0,,1,153.4765625,Midrange,33.33688867806071
"OnePlus Nord 6 (Fresh Mint, 256 GB)",OnePlus,44300.0,52999.0,16.0,4.5,1143.0,150.0,8.0,256.0,50MP Rear Camera,,9000.0,50.0,,1,173.046875,Upper Midrange,31.690287773728844
"Samsung Galaxy S26 Ultra 5G (Cobalt Violet, 256 GB)",Samsung,139999.0,,,4.7,693.0,209.0,12.0,256.0,200MP + 50MP,12MP Front Camera,5000.0,200.0,12.0,2,546.87109375,Premium,30.749618214381982
"realme Narzo Power 5G (Titan Silver, 256 GB)",realme,29894.0,37999.0,21.0,3.8,20.0,2.0,8.0,256.0,50MP Rear Camera,,,50.0,,1,116.7734375,Midrange,11.569185263349008
"Samsung Galaxy S26 Ultra 5G (White, 256 GB)",Samsung,139999.0,,,4.7,693.0,209.0,12.0,256.0,200MP + 50MP,12MP Front Camera,5000.0,200.0,12.0,2,546.87109375,Premium,30.749618214381982
"Samsung Galaxy S26 Ultra 5G (Black, 256 GB)",Samsung,139999.0,,,4.7,693.0,209.0,12.0,256.0,200MP + 50MP,12MP Front Camera,5000.0,200.0,12.0,2,546.87109375,Premium,30.749618214381982
"Apple iPhone 17 Pro (Cosmic Orange, 512 GB)",Apple,154900.0,,,4.7,1963.0,149.0,,512.0,48MP + 48MP + 48MP,18MP Front Camera,,48.0,18.0,3,302.5390625,Premium,35.63887089789773
"REDMI 15 5G (Midnight Black, 128 GB)",REDMI,21889.0,22999.0,4.0,4.3,4298.0,212.0,8.0,128.0,50MP Rear Camera,,7000.0,50.0,,1,171.0078125,Midrange,35.97439218093401
"REDMI Note 15 SE 5G Snapdragon (Crimson Reserve, 128 GB)",REDMI,24999.0,35999.0,30.0,4.3,914.0,107.0,8.0,128.0,50MP Rear Camera,20MP Front Camera,5800.0,50.0,20.0,1,195.3046875,Midrange,29.321373480684738
"Apple iPhone 17 (Black, 512 GB)",Apple,102900.0,,,4.6,12927.0,821.0,,512.0,48MP + 48MP,18MP Front Camera,,48.0,18.0,2,200.9765625,Premium,43.548893591500025
"realme Narzo 100 Lite 5G (Frost Silver, 128 GB)",realme,18720.0,31999.0,41.0,3.7,15.0,1.0,6.0,128.0,13MP Rear Camera,,7000.0,13.0,,1,146.25,Midrange,10.25857827228719
"MOTOROLA edge 70 pro (Marble - PANTONE Lily white (white), 256 GB)",MOTOROLA,42999.0,56999.0,24.0,4.3,146.0,30.0,12.0,256.0,50MP + 50MP,50MP Front Camera,6500.0,50.0,50.0,2,167.96484375,Upper Midrange,21.458860123148565
"Samsung Galaxy S24 Exynos 5G (Amber Yellow, 128 GB)",Samsung,49999.0,74999.0,33.0,4.5,6870.0,449.0,8.0,128.0,50MP + 10MP + 12MP,12MP Front Camera,4000.0,50.0,12.0,3,390.6171875,Upper Midrange,39.75779220763984
"vivo V70 FE (Northern Lights Purple, 128 GB)",Vivo,37999.0,41999.0,9.0,4.3,332.0,39.0,8.0,128.0,200MP + 8MP,50MP Front Camera,7000.0,200.0,50.0,2,296.8671875,Upper Midrange,24.97501270691591
"vivo V70 FE (Northern Lights Purple, 256 GB)",Vivo,40999.0,44999.0,8.0,4.3,332.0,39.0,8.0,256.0,200MP + 8MP,50MP Front Camera,7000.0,200.0,50.0,2,160.15234375,Upper Midrange,24.97501270691591
"vivo V70 FE (Monsoon Blue, 128 GB)",Vivo,37999.0,41999.0,9.0,4.3,332.0,39.0,8.0,128.0,200MP + 8MP,50MP Front Camera,7000.0,200.0,50.0,2,296.8671875,Upper Midrange,24.97501270691591
"realme Narzo Power 5G (Titan Silver, 128 GB)",realme,27892.0,35999.0,22.0,3.8,20.0,2.0,8.0,128.0,50MP Rear Camera,,,50.0,,1,217.90625,Midrange,11.569185263349008
"POCO M8 Charger in the Box (Frost Silver, 128 GB)",POCO,21999.0,27999.0,21.0,4.3,1291.0,124.0,8.0,128.0,50MP Rear Camera,20MP Front Camera,5520.0,50.0,20.0,1,171.8671875,Midrange,30.804970742672953
"vivo X300 FE (Lilac Purple, 512 GB)",Vivo,89999.0,129999.0,30.0,4.4,72.0,12.0,12.0,512.0,50MP + 50MP + 8MP,50MP Front Camera,6500.0,50.0,50.0,3,175.779296875,Premium,18.87802154105292
"vivo V70 FE (Monsoon Blue, 256 GB)",Vivo,44999.0,47999.0,6.0,4.3,103.0,12.0,12.0,256.0,200MP + 8MP,50MP Front Camera,7000.0,200.0,50.0,2,175.77734375,Upper Midrange,19.9708808663079
"realme Gt 7 (Icesense Black, 512 GB)",realme,41999.0,52999.0,20.0,4.4,830.0,84.0,12.0,512.0,50MP + 50MP + 50MP + 8MP,32MP + 32MP Dual Front Camera,7000.0,50.0,32.0,4,82.029296875,Upper Midrange,29.579571097363974
"POCO X7 5G (Yellow, 256 GB)",POCO,19999.0,27999.0,28.0,4.3,28985.0,2326.0,8.0,256.0,50MP + 8MP + 2MP,20MP Front Camera,5500.0,50.0,20.0,3,78.12109375,Midrange,44.18064340526458
"IQOO 15 5G (Legend, 256 GB)",IQOO,72500.0,76999.0,5.0,4.7,259.0,20.0,12.0,256.0,50MP Rear Camera,,7000.0,50.0,,1,283.203125,Premium,26.13520366577298
"Samsung Galaxy A14 5G (Black, 128 GB)",Samsung,20990.0,22999.0,8.0,4.1,4272.0,310.0,8.0,128.0,50MP + 2MP + 2MP,13MP Front Camera,5000.0,50.0,13.0,3,163.984375,Midrange,34.2762928861405
"OPPO F33 5G (Forest Green, 128 GB)",OPPO,31999.0,48999.0,34.0,4.7,14.0,5.0,6.0,128.0,50MP + 2MP,16MP Front Camera,7000.0,50.0,16.0,2,249.9921875,Upper Midrange,12.727835945180388
"vivo V60 5G (Auspicious Gold, 128 GB)",Vivo,37999.0,41999.0,9.0,4.5,3896.0,324.0,8.0,128.0,50MP + 8MP + 50MP,50MP Front Camera,6500.0,50.0,50.0,3,296.8671875,Upper Midrange,37.205830374024195
"Samsung Galaxy S26 Ultra 5G (Cobalt Violet, 512 GB)",Samsung,159999.0,,,4.7,693.0,209.0,12.0,512.0,200MP + 50MP,12MP Front Camera,5000.0,200.0,12.0,2,312.498046875,Premium,30.749618214381982
"Samsung Galaxy S25 Ultra 5G (Titanium Whitesilver, 512 GB)",Samsung,115999.0,141999.0,18.0,4.6,2627.0,282.0,12.0,512.0,200MP + 50MP + 50MP + 10MP,12MP Front Camera,5000.0,200.0,12.0,4,226.560546875,Premium,36.2203005461807
"MOTOROLA edge 70 pro (Tailored Fabric - PANTONE Titan (Blue), 256 GB)",MOTOROLA,39999.0,51999.0,23.0,4.4,153.0,23.0,8.0,256.0,50MP + 50MP,50MP Front Camera,6500.0,50.0,50.0,2,156.24609375,Upper Midrange,22.16259145061997
"realme Narzo 100 Lite 5G (Thunder Black, 128 GB)",realme,18705.0,31999.0,41.0,3.7,15.0,1.0,6.0,128.0,13MP Rear Camera,,7000.0,13.0,,1,146.1328125,Midrange,10.25857827228719
"REDMI 15 5G (Frosted White, 128 GB)",REDMI,22499.0,22999.0,2.0,4.3,4298.0,212.0,8.0,128.0,50MP Rear Camera,,7000.0,50.0,,1,175.7734375,Midrange,35.97439218093401
"REDMI 15 5G (Midnight Black, 128 GB)",REDMI,19422.0,19999.0,2.0,4.3,2327.0,130.0,6.0,128.0,50MP Rear Camera,,7000.0,50.0,,1,151.734375,Midrange,33.33688867806071
"Apple iPhone 16 Plus (White, 256 GB)",Apple,89900.0,,,4.6,4059.0,250.0,,256.0,48MP + 12MP,12MP Front Camera,,48.0,12.0,2,351.171875,Premium,38.221115961940576
"REDMI Note 15 SE 5G Snapdragon (Frosted White, 128 GB)",REDMI,24999.0,35999.0,30.0,4.3,914.0,107.0,8.0,128.0,50MP Rear Camera,20MP Front Camera,5800.0,50.0,20.0,1,195.3046875,Midrange,29.321373480684738
"LAVA Shark 5G (stellar gold /steller gold, 64 GB)",LAVA,12999.0,14999.0,13.0,4.1,438.0,31.0,4.0,64.0,13MP + 13MP,5MP + 5MP Dual Front Camera,5000.0,13.0,5.0,2,203.109375,Budget,24.9464475936082
"Lenovo K8 Note (Venom Black, 64 GB)",Lenovo,12999.0,14999.0,13.0,4.1,48195.0,6279.0,4.0,64.0,13MP + 5MP,13MP Front Camera,4000.0,13.0,13.0,2,203.109375,Budget,44.21042836707698
"POCO M8 Charger in the Box (Frost Silver, 256 GB)",POCO,23999.0,29999.0,20.0,4.3,1291.0,124.0,8.0,256.0,50MP Rear Camera,20MP Front Camera,5520.0,50.0,20.0,1,93.74609375,Midrange,30.804970742672953
"vivo X300 Pro (Elite Black, 512 GB)",Vivo,109999.0,119999.0,8.0,4.7,422.0,65.0,16.0,512.0,50MP + 50MP + 200MP,50MP Front Camera,6510.0,50.0,50.0,3,214.841796875,Premium,28.422649241517504
"REDMI Note 15 SE 5G Snapdragon (Carbon Black, 128 GB)",REDMI,22999.0,34999.0,34.0,4.3,1930.0,208.0,6.0,128.0,50MP Rear Camera,20MP Front Camera,5800.0,50.0,20.0,1,179.6796875,Midrange,32.53291111444261
"Google Pixel 10 (Frost, 256 GB)",Google,74999.0,79999.0,6.0,4.5,2564.0,212.0,12.0,256.0,48MP + 13MP + 10.8MP,10.5MP Front Camera,4970.0,48.0,10.5,3,292.96484375,Premium,35.32371190922191
"Samsung Galaxy M17e 5G (Blitz Blue, 128 GB)",Samsung,13997.0,16999.0,17.0,3.8,4.0,0.0,4.0,128.0,50MP Rear Camera,8MP Front Camera,6000.0,50.0,8.0,1,109.3515625,Budget,6.115864067249581
"Infinix GT 30 Pro 5G+ (Prism White, 256 GB)",Infinix,27999.0,31999.0,12.0,4.3,2409.0,188.0,8.0,256.0,108MP + 8MP,13MP Front Camera,5500.0,108.0,13.0,2,109.37109375,Midrange,33.485742713884214
"Samsung Galaxy S26 Ultra 5G (White, 512 GB)",Samsung,159999.0,,,4.7,693.0,209.0,12.0,512.0,200MP + 50MP,12MP Front Camera,5000.0,200.0,12.0,2,312.498046875,Premium,30.749618214381982
"vivo X300 Pro (Dune Gold, 512 GB)",Vivo,109999.0,119999.0,8.0,4.7,422.0,65.0,16.0,512.0,50MP + 50MP + 200MP,50MP Front Camera,6510.0,50.0,50.0,3,214.841796875,Premium,28.422649241517504
"Samsung Galaxy S25 5G (Mint, 128 GB)",Samsung,74999.0,,,4.6,3544.0,405.0,12.0,128.0,50MP + 10MP + 12MP,12MP Front Camera,4000.0,50.0,12.0,3,585.9296875,Premium,37.59714981924465
"Apple iPhone 17e (Soft Pink, 256 GB)",Apple,64900.0,,,4.6,168.0,13.0,,256.0,48MP Rear Camera,,,48.0,,1,253.515625,Premium,23.597534088646135
"REDMI Note 15 Pro + 5G (Mirage Blue, 256 GB)",REDMI,37224.0,40999.0,9.0,4.3,63.0,7.0,8.0,256.0,200MP Rear Camera,,6500.0,200.0,,1,145.40625,Upper Midrange,17.883197258446586
"vivo V70 (Passion Red, 256 GB)",Vivo,49999.0,50999.0,1.0,4.6,1218.0,141.0,8.0,256.0,50MP + 50MP + 8MP,,6500.0,50.0,,3,195.30859375,Upper Midrange,32.686616195613844
"Samsung Galaxy S26 Ultra 5G (Black, 512 GB)",Samsung,159999.0,,,4.7,693.0,209.0,12.0,512.0,200MP + 50MP,12MP Front Camera,5000.0,200.0,12.0,2,312.498046875,Premium,30.749618214381982
"Samsung Galaxy S26 Ultra 5G (Sky Blue, 256 GB)",Samsung,139999.0,,,4.7,693.0,209.0,12.0,256.0,200MP + 50MP,12MP Front Camera,5000.0,200.0,12.0,2,546.87109375,Premium,30.749618214381982
"MOTOROLA Edge 60 Pro (Pantone Sparkling Grape, 512 GB)",MOTOROLA,37999.0,42999.0,11.0,4.4,3330.0,265.0,16.0,512.0,50MP + 50MP + 10MP,50MP Front Camera,6000.0,50.0,50.0,3,74.216796875,Upper Midrange,35.68852248805219
"Samsung Galaxy F17 5G (Violet Pop, 128 GB)",Samsung,16430.0,17999.0,8.0,4.2,184.0,12.0,4.0,128.0,50MP + 5MP,13MP Front Camera,5000.0,50.0,13.0,2,128.359375,Midrange,21.925494465328963
"OPPO Reno15 5G (Twilight Blue, 256 GB)",OPPO,47999.0,49999.0,4.0,4.5,681.0,70.0,8.0,256.0,50MP + 50MP + 8MP,,6500.0,50.0,,3,187.49609375,Upper Midrange,29.36263346029558
"OPPO Reno15c 5G (Afterglow Pink, 256 GB)",OPPO,41999.0,42999.0,2.0,4.3,362.0,26.0,8.0,256.0,50MP + 8MP + 2MP,,7000.0,50.0,,3,164.05859375,Upper Midrange,25.345932187338857
"REDMI Note 15 Pro + 5G (Carbon Black, 256 GB)",REDMI,36978.0,40999.0,9.0,4.3,63.0,7.0,8.0,256.0,200MP Rear Camera,,6500.0,200.0,,1,144.4453125,Upper Midrange,17.883197258446586
"vivo V70 Elite (Authentic Black, 256 GB)",Vivo,54999.0,,,4.6,675.0,80.0,8.0,256.0,50MP + 50MP + 8MP,,6500.0,50.0,,3,214.83984375,Premium,29.974488149797633
"vivo V70 Elite (Sand Beige, 256 GB)",Vivo,54999.0,,,4.6,675.0,80.0,8.0,256.0,50MP + 50MP + 8MP,,6500.0,50.0,,3,214.83984375,Premium,29.974488149797633
"Samsung Galaxy A36 5G (Awesome Lavender, 256 GB)",Samsung,36988.0,41999.0,11.0,4.4,348.0,24.0,12.0,256.0,50MP + 8MP,12MP Front Camera,5000.0,50.0,12.0,2,144.484375,Upper Midrange,25.76231645769068
"REDMI Note 15 Pro + 5G (Coffee Mocha, 256 GB)",REDMI,39899.0,41999.0,5.0,4.2,44.0,3.0,12.0,256.0,200MP Rear Camera,,6500.0,200.0,,1,155.85546875,Upper Midrange,15.987982457035343
"vivo V70 Elite (Sand Beige, 256 GB)",Vivo,59999.0,,,4.5,404.0,50.0,12.0,256.0,50MP + 50MP + 8MP,,6500.0,50.0,,3,234.37109375,Premium,27.017491801979425
"vivo V70 Elite (Authentic Black, 256 GB)",Vivo,59999.0,,,4.5,404.0,50.0,12.0,256.0,50MP + 50MP + 8MP,,6500.0,50.0,,3,234.37109375,Premium,27.017491801979425
"Samsung Galaxy S24 5G Snapdragon (Marble Gray, 128 GB)",Samsung,49999.0,74999.0,33.0,4.6,57437.0,3731.0,8.0,128.0,50MP + 12MP,12MP Front Camera,4000.0,50.0,12.0,2,390.6171875,Upper Midrange,50.40892236720227
"vivo V70 Elite (Authentic Black, 512 GB)",Vivo,61999.0,65999.0,6.0,4.5,404.0,50.0,12.0,512.0,50MP + 50MP + 8MP,,6500.0,50.0,,3,121.091796875,Premium,27.017491801979425
"vivo V70 Elite (Passion Red, 512 GB)",Vivo,61999.0,65999.0,6.0,4.5,404.0,50.0,12.0,512.0,50MP + 50MP + 8MP,,6500.0,50.0,,3,121.091796875,Premium,27.017491801979425
"Tecno Spark Go 3 (Aurora Purple, 64 GB)",Tecno,11999.0,,,4.1,105.0,2.0,4.0,64.0,13MP Rear Camera,8MP Front Camera,5000.0,13.0,8.0,1,187.484375,Budget,19.120100285859472
"Tecno Spark Go 3 (Galaxy Blue, 64 GB)",Tecno,11999.0,,,4.1,105.0,2.0,4.0,64.0,13MP Rear Camera,8MP Front Camera,5000.0,13.0,8.0,1,187.484375,Budget,19.120100285859472
"Tecno Spark Go 3 (Titanium Grey, 64 GB)",Tecno,11999.0,,,4.1,105.0,2.0,4.0,64.0,13MP Rear Camera,8MP Front Camera,5000.0,13.0,8.0,1,187.484375,Budget,19.120100285859472
"Samsung Galaxy S26 Ultra 5G (Sky Blue, 512 GB)",Samsung,159999.0,,,4.7,693.0,209.0,12.0,512.0,200MP + 50MP,12MP Front Camera,5000.0,200.0,12.0,2,312.498046875,Premium,30.749618214381982
"Samsung Galaxy S25 5G (Navy, 128 GB)",Samsung,74999.0,,,4.6,3544.0,405.0,12.0,128.0,50MP + 10MP + 12MP,12MP Front Camera,4000.0,50.0,12.0,3,585.9296875,Premium,37.59714981924465
"Infinix NOTE 60 Pro (Deep Ocean Blue, 128 GB)",Infinix,31999.0,39999.0,20.0,4.4,673.0,116.0,8.0,128.0,50MP + 8MP,13MP Front Camera,6500.0,50.0,13.0,2,249.9921875,Upper Midrange,28.658212488014154
"Infinix NOTE 60 Pro (Solar Orange, 128 GB)",Infinix,31999.0,39999.0,20.0,4.4,673.0,116.0,8.0,128.0,50MP + 8MP,13MP Front Camera,6500.0,50.0,13.0,2,249.9921875,Upper Midrange,28.658212488014154
"OPPO F33 Pro 5G (Starry Blue, 256 GB)",OPPO,40999.0,58999.0,30.0,4.3,55.0,21.0,8.0,256.0,50MP + 2MP,50MP Front Camera,7000.0,50.0,50.0,2,160.15234375,Upper Midrange,17.309012270161144
"Samsung Galaxy S24 5G Snapdragon (Onyx Black, 128 GB)",Samsung,49999.0,74999.0,33.0,4.6,57437.0,3731.0,8.0,128.0,50MP + 12MP,12MP Front Camera,4000.0,50.0,12.0,2,390.6171875,Upper Midrange,50.40892236720227
"MOTOROLA edge 70 pro (Satin-Luxe PANTONE Tea (Green), 256 GB)",MOTOROLA,42999.0,56999.0,24.0,4.3,146.0,30.0,12.0,256.0,50MP + 50MP,50MP Front Camera,6500.0,50.0,50.0,2,167.96484375,Upper Midrange,21.458860123148565
"vivo V70 (Lemon Yellow, 256 GB)",Vivo,49999.0,50999.0,1.0,4.6,1218.0,141.0,8.0,256.0,50MP + 50MP + 8MP,,6500.0,50.0,,3,195.30859375,Upper Midrange,32.686616195613844
"Nothing Phone (4a) Pro (Black, 128 GB)",Nothing,49999.0,,,4.5,2109.0,262.0,8.0,128.0,50MP + 50MP + 8MP,32MP Front Camera,5400.0,50.0,32.0,3,390.6171875,Upper Midrange,34.444994519115504
"REDMI A7 Pro 5G (Black, 128 GB)",REDMI,14786.0,16999.0,13.0,4.1,436.0,41.0,4.0,128.0,32MP Rear Camera,,6300.0,32.0,,1,115.515625,Budget,24.927726099891917
"REDMI A7 Pro 5G (Sunset Orange, 128 GB)",REDMI,14749.0,16999.0,13.0,4.1,436.0,41.0,4.0,128.0,32MP Rear Camera,,6300.0,32.0,,1,115.2265625,Budget,24.927726099891917
"Alcatel V3 Classic 5G (Cosmic Grey, 128 GB)",Alcatel,14999.0,19999.0,25.0,4.1,553.0,29.0,6.0,128.0,50MP Dual Camera,8MP Front Camera,5200.0,50.0,8.0,1,117.1796875,Budget,25.90037521566386
"Apple iPhone 17 (Sage, 512 GB)",Apple,102900.0,,,4.6,12927.0,821.0,,512.0,48MP + 48MP,18MP Front Camera,,48.0,18.0,2,200.9765625,Premium,43.548893591500025
"Nothing Phone (3) (Black, 512 GB)",Nothing,89999.0,94999.0,5.0,4.4,719.0,79.0,16.0,512.0,50MP + 50MP + 50MP,50MP Front Camera,5500.0,50.0,50.0,3,175.779296875,Premium,28.948705332844447
"OPPO Reno15c 5G (Twilight Blue, 256 GB)",OPPO,41999.0,42999.0,2.0,4.3,362.0,26.0,8.0,256.0,50MP + 8MP + 2MP,,7000.0,50.0,,3,164.05859375,Upper Midrange,25.345932187338857
"realme P4 Pro 5G (Birch Wood, 128 GB)",realme,27999.0,28999.0,3.0,4.4,18447.0,1490.0,8.0,128.0,50MP + 8MP,50MP Front Camera,7000.0,50.0,50.0,2,218.7421875,Midrange,43.219929467038895
"Infinix GT 30 Pro 5G+ (Blade White, 256 GB)",Infinix,27999.0,31999.0,12.0,4.3,2409.0,188.0,8.0,256.0,108MP + 8MP,13MP Front Camera,5500.0,108.0,13.0,2,109.37109375,Midrange,33.485742713884214
"REDMI 15C 5G (Dusk Purple, 128 GB)",REDMI,16999.0,,,3.8,340.0,36.0,4.0,128.0,50MP Rear Camera,,6000.0,50.0,,1,132.8046875,Midrange,22.161153413677365
"vivo Y31 5G (Rose Red, 128 GB)",Vivo,23999.0,27999.0,14.0,4.4,731.0,28.0,6.0,128.0,50MP + 0.08MP,8MP Front Camera,6500.0,50.0,8.0,2,187.4921875,Midrange,29.02143426142977
"OPPO Reno15 Pro Mini 5G (Glacier White, 512 GB)",OPPO,64999.0,69999.0,7.0,4.6,617.0,60.0,12.0,512.0,200MP + 50MP + 50MP,,6200.0,200.0,,3,126.951171875,Premium,29.561846904305373
"OPPO F33 Pro 5G (Misty Forest, 256 GB)",OPPO,40999.0,58999.0,30.0,4.3,55.0,21.0,8.0,256.0,50MP + 2MP,50MP Front Camera,7000.0,50.0,50.0,2,160.15234375,Upper Midrange,17.309012270161144
"Nothing Phone (4a) Pro (Black, 256 GB)",Nothing,52999.0,,,4.5,2109.0,262.0,8.0,256.0,50MP + 50MP + 8MP,32MP Front Camera,5400.0,50.0,32.0,3,207.02734375,Premium,34.444994519115504
"REDMI Note 15 Pro + 5G (Carbon Black, 256 GB)",REDMI,39899.0,41999.0,5.0,4.2,44.0,3.0,12.0,256.0,200MP Rear Camera,,6500.0,200.0,,1,155.85546875,Upper Midrange,15.987982457035343
"realme P4 Pro 5G (Midnight Ivy, 256 GB)",realme,29999.0,30999.0,3.0,4.4,18447.0,1490.0,8.0,256.0,50MP + 8MP,50MP Front Camera,7000.0,50.0,50.0,2,117.18359375,Midrange,43.219929467038895
"REDMI 15 5G (Midnight Black, 256 GB)",REDMI,24499.0,24999.0,2.0,4.3,4298.0,212.0,8.0,256.0,50MP Rear Camera,,7000.0,50.0,,1,95.69921875,Midrange,35.97439218093401
"realme 16T 5G (Aurora Green, 128 GB)",realme,29999.0,50999.0,41.0,2.4,16.0,3.0,6.0,128.0,50MP + 2MP,16MP Front Camera,8000.0,50.0,16.0,2,234.3671875,Midrange,6.799712025734919
"REDMI Note 15 5G (Mist Purple, 128 GB)",REDMI,24990.0,26999.0,7.0,4.3,647.0,32.0,8.0,128.0,108MP Rear Camera,,5520.0,108.0,,1,195.234375,Midrange,27.837729994314778
"realme 16T 5G (Starlight Red, 128 GB)",realme,31999.0,55999.0,42.0,2.1,8.0,4.0,8.0,128.0,50MP + 2MP,16MP Front Camera,8000.0,50.0,16.0,2,249.9921875,Upper Midrange,4.614171612406062
"OnePlus Nord 6 (Pitch Black, 256 GB)",OnePlus,51354.0,56999.0,9.0,4.7,56.0,9.0,12.0,256.0,50MP Rear Camera,,9000.0,50.0,,1,200.6015625,Premium,19.002340958822387
"OnePlus Nord 6 (Quick Silver, 256 GB)",OnePlus,51483.0,56999.0,9.0,4.7,56.0,9.0,12.0,256.0,50MP Rear Camera,,9000.0,50.0,,1,201.10546875,Premium,19.002340958822387
"realme 16T 5G (Starlight Black, 128 GB)",realme,29999.0,50999.0,41.0,2.4,16.0,3.0,6.0,128.0,50MP + 2MP,16MP Front Camera,8000.0,50.0,16.0,2,234.3671875,Midrange,6.799712025734919
"REDMI Note 15 5G (Black, 128 GB)",REDMI,24987.0,26999.0,7.0,4.3,647.0,32.0,8.0,128.0,108MP Rear Camera,,5520.0,108.0,,1,195.2109375,Midrange,27.837729994314778
"realme P4 5G (Engine Blue, 128 GB)",realme,23999.0,29999.0,20.0,4.4,18347.0,1303.0,8.0,128.0,50MP + 8MP,16MP Front Camera,7000.0,50.0,16.0,2,187.4921875,Midrange,43.19601376515508
"OnePlus 15R 5G (Mint Breeze, 256 GB)",OnePlus,50749.0,54999.0,7.0,4.6,1297.0,88.0,12.0,256.0,50MP Rear Camera,,7400.0,50.0,,1,198.23828125,Premium,32.97546752741456
"Nothing Phone (3) (Black, 256 GB)",Nothing,79999.0,84999.0,5.0,4.4,3480.0,361.0,12.0,256.0,50MP + 50MP + 50MP,50MP Front Camera,5500.0,50.0,50.0,3,312.49609375,Premium,35.88232950637034
"REDMI Note 15 5G (Mist Purple, 256 GB)",REDMI,27886.0,28999.0,3.0,4.3,647.0,32.0,8.0,256.0,108MP Rear Camera,,5520.0,108.0,,1,108.9296875,Midrange,27.837729994314778
"OPPO A6x 5G (Ice Blue, 128 GB)",OPPO,18999.0,20999.0,9.0,4.3,211.0,10.0,4.0,128.0,13MP Rear Camera,5MP Front Camera,6500.0,13.0,5.0,1,148.4296875,Midrange,23.033320981089652
"MOTOROLA g37 power (PANTONE Capri, 128 GB)",MOTOROLA,25999.0,37999.0,31.0,,,,8.0,128.0,50MP Rear Camera,8MP Front Camera,7000.0,50.0,8.0,1,203.1171875,Midrange,
"vivo V70 Elite (Passion Red, 256 GB)",Vivo,54999.0,,,4.6,675.0,80.0,8.0,256.0,50MP + 50MP + 8MP,,6500.0,50.0,,3,214.83984375,Premium,29.974488149797633
"vivo V60 5G (Auspicious Gold, 128 GB)",Vivo,44581.0,52999.0,15.0,4.5,3896.0,324.0,8.0,128.0,50MP + 8MP + 50MP,50MP Front Camera,6500.0,50.0,50.0,3,348.2890625,Upper Midrange,37.205830374024195
"OPPO A6x 5G (Olive Green, 128 GB)",OPPO,20999.0,23999.0,12.0,4.4,121.0,4.0,6.0,128.0,13MP Rear Camera,5MP Front Camera,6500.0,13.0,5.0,1,164.0546875,Midrange,21.13769259682633
"vivo V70 Elite (Passion Red, 256 GB)",Vivo,59999.0,,,4.5,404.0,50.0,12.0,256.0,50MP + 50MP + 8MP,,6500.0,50.0,,3,234.37109375,Premium,27.017491801979425
"OPPO Reno15c 5G (Twilight Blue, 256 GB)",OPPO,44999.0,46999.0,4.0,4.4,154.0,17.0,12.0,256.0,50MP + 8MP + 2MP,,7000.0,50.0,,3,175.77734375,Upper Midrange,22.19107051444469
"vivo Y31 5G (Rose Red, 128 GB)",Vivo,19999.0,,,4.3,559.0,20.0,4.0,128.0,50MP + 0.08MP,8MP Front Camera,6500.0,50.0,8.0,2,156.2421875,Midrange,27.210128170035535
"REDMI 15A (Ace Black, 128 GB)",REDMI,17999.0,19999.0,10.0,3.7,63.0,5.0,6.0,128.0,32MP Rear Camera,8MP Front Camera,6300.0,32.0,8.0,1,140.6171875,Midrange,15.387867408430786
"REDMI A4 (Starry Black, 128 GB)",REDMI,15995.0,,,4.2,16302.0,715.0,4.0,128.0,50MP Rear Camera,,5160.0,50.0,,1,124.9609375,Midrange,40.73623855954655
"Samsung Galaxy S25 Plus 5G (Navy, 256 GB)",Samsung,79999.0,99999.0,20.0,4.6,779.0,90.0,12.0,256.0,50MP + 10MP + 12MP,12MP Front Camera,4900.0,50.0,12.0,3,312.49609375,Premium,30.63275203054473
"Ai+ Pulse 1 (Blue, 64 GB)",Ai+,7999.0,,,4.2,42699.0,2813.0,4.0,64.0,50MP Rear Camera,5MP Front Camera,5000.0,50.0,5.0,1,124.984375,Budget,44.78020763671021
"OPPO F29 5G (Solid Purple, 256 GB)",OPPO,25177.0,30999.0,18.0,4.4,2540.0,134.0,8.0,256.0,50MP + 2MP,16MP Front Camera,6500.0,50.0,16.0,2,98.34765625,Midrange,34.497377126608725
"OPPO F29 5G (Solid Purple, 128 GB)",OPPO,22999.0,28999.0,20.0,4.4,2540.0,134.0,8.0,128.0,50MP + 2MP,16MP Front Camera,6500.0,50.0,16.0,2,179.6796875,Midrange,34.497377126608725
"REDMI Note 15 5G (Glacier Blue, 128 GB)",REDMI,24990.0,26999.0,7.0,4.3,647.0,32.0,8.0,128.0,108MP Rear Camera,,5520.0,108.0,,1,195.234375,Midrange,27.837729994314778
"Samsung Galaxy S24 5G Snapdragon (Marble Gray, 256 GB)",Samsung,55999.0,79999.0,30.0,4.6,57437.0,3731.0,8.0,256.0,50MP + 12MP,12MP Front Camera,4000.0,50.0,12.0,2,218.74609375,Premium,50.40892236720227
"OPPO A6x 5G (Ice Blue, 128 GB)",OPPO,20999.0,23999.0,12.0,4.4,121.0,4.0,6.0,128.0,13MP Rear Camera,5MP Front Camera,6500.0,13.0,5.0,1,164.0546875,Midrange,21.13769259682633
"MOTOROLA Razr fold (PANTONE Blackened blue, 512 GB)",MOTOROLA,159999.0,189999.0,15.0,3.7,6.0,2.0,16.0,512.0,50MP + 50MP + 50MP,20MP + 32MP Dual Front Camera,6000.0,50.0,20.0,3,312.498046875,Premium,7.199867551504659
"Nothing Phone (4a) Pro (Silver, 256 GB)",Nothing,52999.0,,,4.5,2109.0,262.0,8.0,256.0,50MP + 50MP + 8MP,32MP Front Camera,5400.0,50.0,32.0,3,207.02734375,Premium,34.444994519115504
"MOTOROLA Signature (PANTONE Martini Olive, 1 TB)",MOTOROLA,67499.0,84999.0,20.0,4.5,572.0,95.0,16.0,1024.0,50MP + 50MP + 50MP,50MP Front Camera,5200.0,50.0,50.0,3,65.9169921875,Premium,28.57898572521633
"REDMI 13 5G (Hawaiian Blue, 128 GB)",REDMI,19790.0,19999.0,1.0,4.2,15706.0,817.0,8.0,128.0,108MP Rear Camera,,5030.0,108.0,,1,154.609375,Midrange,40.57981935774074
"Samsung Galaxy S24 Exynos 5G (Marble Gray, 128 GB)",Samsung,49999.0,74999.0,33.0,4.5,6870.0,449.0,8.0,128.0,50MP + 10MP + 12MP,12MP Front Camera,4000.0,50.0,12.0,3,390.6171875,Upper Midrange,39.75779220763984
"realme P4 Pro 5G (Midnight Ivy, 128 GB)",realme,27999.0,28999.0,3.0,4.4,18447.0,1490.0,8.0,128.0,50MP + 8MP,50MP Front Camera,7000.0,50.0,50.0,2,218.7421875,Midrange,43.219929467038895
"realme 15x 5G (Maroon Red, 128 GB)",realme,23999.0,28999.0,17.0,4.3,3598.0,251.0,6.0,128.0,50MP Rear Camera,50MP Front Camera,7000.0,50.0,50.0,1,187.4921875,Midrange,35.21016862473983
"realme P4 Pro 5G (Birch Wood, 256 GB)",realme,29999.0,30999.0,3.0,4.4,18447.0,1490.0,8.0,256.0,50MP + 8MP,50MP Front Camera,7000.0,50.0,50.0,2,117.18359375,Midrange,43.219929467038895
"Apple iPhone Air (Sky Blue, 256 GB)",Apple,99900.0,119900.0,16.0,4.6,145.0,9.0,,256.0,48MP Rear Camera,18MP Front Camera,,48.0,18.0,1,390.234375,Premium,22.924590459858347
"Samsung Galaxy S25 Ultra 5G (Titanium Silverblue, 512 GB)",Samsung,132070.0,141999.0,6.0,4.6,2627.0,282.0,12.0,512.0,200MP + 50MP + 50MP + 10MP,12MP Front Camera,5000.0,200.0,12.0,4,257.94921875,Premium,36.2203005461807
"vivo V70 (Passion Red, 256 GB)",Vivo,53999.0,,,4.4,216.0,19.0,12.0,256.0,50MP + 50MP + 8MP,,6500.0,50.0,,3,210.93359375,Premium,23.671548355578025
"REDMI A7 Pro 5G (Mist Blue, 128 GB)",REDMI,14791.0,16999.0,12.0,4.1,436.0,41.0,4.0,128.0,32MP Rear Camera,,6300.0,32.0,,1,115.5546875,Budget,24.927726099891917
"OPPO Reno15 Pro Mini 5G (Crystal Pink, 256 GB)",OPPO,59999.0,64999.0,7.0,4.6,617.0,60.0,12.0,256.0,200MP + 50MP + 50MP,,6200.0,200.0,,3,234.37109375,Premium,29.561846904305373
"realme C35 (Glowing Black, 128 GB)",realme,10999.0,14999.0,26.0,4.3,166720.0,9554.0,4.0,128.0,50MP + 2MP + 0.3MP,8MP Front Camera,5000.0,50.0,8.0,3,85.9296875,Budget,51.70353125312198
"Ai+ Nova 2 Ultra 5G (Green, 128 GB)",Ai+,20999.0,25999.0,19.0,4.3,465.0,133.0,6.0,128.0,50MP + 8MP,13MP Front Camera,6000.0,50.0,13.0,2,164.0546875,Midrange,26.419998226740276
"Infinix Hot 60 5G+ (Tundra Green, 128 GB)",Infinix,17999.0,,,4.3,2717.0,168.0,6.0,128.0,50MP Rear Camera,8MP Front Camera,5200.0,50.0,8.0,1,140.6171875,Midrange,34.00290185725768
"Infinix Hot 60 5G+ (Shadow Blue, 128 GB)",Infinix,17999.0,,,4.3,2717.0,168.0,6.0,128.0,50MP Rear Camera,8MP Front Camera,5200.0,50.0,8.0,1,140.6171875,Midrange,34.00290185725768
"realme 16 Pro 5G (Pebble Grey, 256 GB)",realme,39999.0,46999.0,14.0,4.4,1852.0,159.0,8.0,256.0,200MP + 8MP,50MP Front Camera,7000.0,200.0,50.0,2,156.24609375,Upper Midrange,33.10806939565558
"POCO X7 5G (Cosmic Silver, 128 GB)",POCO,17999.0,24999.0,28.0,4.3,28985.0,2326.0,8.0,128.0,50MP + 8MP + 2MP,20MP Front Camera,5500.0,50.0,20.0,3,140.6171875,Midrange,44.18064340526458
"realme 15x 5G (Aqua Blue, 128 GB)",realme,25999.0,30999.0,16.0,4.3,3407.0,245.0,8.0,128.0,50MP Rear Camera,50MP Front Camera,7000.0,50.0,50.0,1,203.1171875,Midrange,34.97568781818159
"Tecno Pova Curve 2 5G (Storm Titanium, 128 GB)",Tecno,29999.0,31999.0,6.0,4.0,264.0,26.0,8.0,128.0,50MP + 2MP,13MP Front Camera,8000.0,50.0,13.0,2,234.3671875,Midrange,22.318919303944888
"OPPO F33 5G (Pearl White, 128 GB)",OPPO,33849.0,52999.0,36.0,4.7,24.0,10.0,8.0,128.0,50MP + 2MP,16MP Front Camera,7000.0,50.0,16.0,2,264.4453125,Upper Midrange,15.128716376880543
"OPPO F33 5G (Forest Green, 128 GB)",OPPO,33849.0,52999.0,36.0,4.7,24.0,10.0,8.0,128.0,50MP + 2MP,16MP Front Camera,7000.0,50.0,16.0,2,264.4453125,Upper Midrange,15.128716376880543
"REDMI Note 15 5G (Glacier Blue, 256 GB)",REDMI,27979.0,28999.0,3.0,4.3,647.0,32.0,8.0,256.0,108MP Rear Camera,,5520.0,108.0,,1,109.29296875,Midrange,27.837729994314778
"OPPO F33 5G (Pearl White, 128 GB)",OPPO,31249.0,48999.0,36.0,4.7,14.0,5.0,6.0,128.0,50MP + 2MP,16MP Front Camera,7000.0,50.0,16.0,2,244.1328125,Upper Midrange,12.727835945180388
"OPPO F33 5G (Pearl White, 256 GB)",OPPO,36965.0,55999.0,33.0,4.7,24.0,10.0,8.0,256.0,50MP + 2MP,16MP Front Camera,7000.0,50.0,16.0,2,144.39453125,Upper Midrange,15.128716376880543
"realme P4 5G (Steel Grey, 256 GB)",realme,25999.0,33999.0,23.0,4.4,18347.0,1303.0,8.0,256.0,50MP + 8MP,16MP Front Camera,7000.0,50.0,16.0,2,101.55859375,Midrange,43.19601376515508
"realme P4 Pro 5G (Birch Wood, 256 GB)",realme,31999.0,32999.0,3.0,4.4,4187.0,344.0,12.0,256.0,50MP + 8MP,50MP Front Camera,7000.0,50.0,50.0,2,124.99609375,Upper Midrange,36.695905716757885
"realme 16T 5G (Starlight Red, 256 GB)",realme,34999.0,62999.0,44.0,2.1,8.0,4.0,8.0,256.0,50MP + 2MP,16MP Front Camera,8000.0,50.0,16.0,2,136.71484375,Upper Midrange,4.614171612406062
"realme 16T 5G (Aurora Green, 128 GB)",realme,31999.0,55999.0,42.0,2.1,8.0,4.0,8.0,128.0,50MP + 2MP,16MP Front Camera,8000.0,50.0,16.0,2,249.9921875,Upper Midrange,4.614171612406062
"realme 16T 5G (Starlight Black, 256 GB)",realme,34999.0,62999.0,44.0,2.1,8.0,4.0,8.0,256.0,50MP + 2MP,16MP Front Camera,8000.0,50.0,16.0,2,136.71484375,Upper Midrange,4.614171612406062
"realme 16T 5G (Starlight Black, 128 GB)",realme,31999.0,55999.0,42.0,2.1,8.0,4.0,8.0,128.0,50MP + 2MP,16MP Front Camera,8000.0,50.0,16.0,2,249.9921875,Upper Midrange,4.614171612406062
"Samsung Galaxy S24 5G Snapdragon (Onyx Black, 256 GB)",Samsung,55999.0,79999.0,30.0,4.6,57437.0,3731.0,8.0,256.0,50MP + 12MP,12MP Front Camera,4000.0,50.0,12.0,2,218.74609375,Premium,50.40892236720227
"vivo V70 FE (Northern Lights Purple, 256 GB)",Vivo,44999.0,47999.0,6.0,4.3,103.0,12.0,12.0,256.0,200MP + 8MP,50MP Front Camera,7000.0,200.0,50.0,2,175.77734375,Upper Midrange,19.9708808663079
"Samsung Galaxy S24 Ultra 5G (Titanium Violet, 256 GB)",Samsung,119999.0,134999.0,11.0,4.6,7711.0,581.0,12.0,256.0,200MP + 50MP + 12MP + 10MP,12MP Front Camera,5000.0,200.0,12.0,4,468.74609375,Premium,41.172451046935755
"Apple iPhone 16 Plus (Pink, 256 GB)",Apple,89900.0,,,4.6,4059.0,250.0,,256.0,48MP + 12MP,12MP Front Camera,,48.0,12.0,2,351.171875,Premium,38.221115961940576
"OPPO Reno15 5G (Glacier White, 512 GB)",OPPO,55999.0,59999.0,6.0,4.5,364.0,29.0,12.0,512.0,50MP + 50MP + 8MP,,6500.0,50.0,,3,109.373046875,Premium,26.54953809112121
"realme 16 5G (Air Black, 256 GB)",realme,36999.0,44999.0,17.0,4.1,494.0,58.0,8.0,256.0,50MP + 2MP,50MP Front Camera,7000.0,50.0,50.0,2,144.52734375,Upper Midrange,25.43868682653163
"Samsung Galaxy F13 (Waterfall Blue, 64 GB)",Samsung,14999.0,,,4.3,193988.0,11389.0,4.0,64.0,50MP + 5MP + 2MP,8MP Front Camera,6000.0,50.0,8.0,3,234.359375,Budget,52.35489396224998
"realme 16 5G (Air White, 256 GB)",realme,39999.0,49999.0,20.0,4.4,112.0,13.0,12.0,256.0,50MP + 2MP,50MP Front Camera,7000.0,50.0,50.0,2,156.24609375,Upper Midrange,20.8005064023343
"OPPO Reno15 Pro 5G (Sunset Gold, 512 GB)",OPPO,72999.0,79999.0,8.0,4.6,129.0,16.0,12.0,512.0,200MP + 50MP + 50MP,,6500.0,200.0,,3,142.576171875,Premium,22.390658472095677
"OPPO Reno15 Pro 5G (Cocoa Brown, 512 GB)",OPPO,72999.0,79999.0,8.0,4.6,129.0,16.0,12.0,512.0,200MP + 50MP + 50MP,,6500.0,200.0,,3,142.576171875,Premium,22.390658472095677
"REDMI Note 15 SE 5G Snapdragon (Carbon Black, 128 GB)",REDMI,24999.0,35999.0,30.0,4.3,914.0,107.0,8.0,128.0,50MP Rear Camera,20MP Front Camera,5800.0,50.0,20.0,1,195.3046875,Midrange,29.321373480684738
"Nothing Phone (4a) Pro (Silver, 128 GB)",Nothing,49999.0,,,4.5,2109.0,262.0,8.0,128.0,50MP + 50MP + 8MP,32MP Front Camera,5400.0,50.0,32.0,3,390.6171875,Upper Midrange,34.444994519115504
"POCO X8 Pro Charger in the Box (Green, 256 GB)",POCO,37999.0,52999.0,28.0,4.4,509.0,76.0,12.0,256.0,50MP + 8MP,20MP Front Camera,6500.0,50.0,20.0,2,148.43359375,Upper Midrange,27.431407193160837
"Samsung Galaxy S25 Edge 5G (Titanium Jetblack, 256 GB)",Samsung,69999.0,109999.0,36.0,4.4,127.0,14.0,12.0,256.0,200MP + 12MP,12MP Front Camera,3900.0,200.0,12.0,2,273.43359375,Premium,21.348933161246315
"vivo Y51 Pro 5G (Festive Red, 128 GB)",Vivo,27999.0,34999.0,20.0,4.4,130.0,8.0,8.0,128.0,50MP + 2MP,8MP Front Camera,7200.0,50.0,8.0,2,218.7421875,Midrange,21.450868222085067
"OPPO Reno15 5G (Twilight Blue, 256 GB)",OPPO,50999.0,54999.0,7.0,4.5,364.0,29.0,12.0,256.0,50MP + 50MP + 8MP,,6500.0,50.0,,3,199.21484375,Premium,26.54953809112121
"vivo Y51 Pro 5G (Noble Gold, 128 GB)",Vivo,27999.0,34999.0,20.0,4.4,130.0,8.0,8.0,128.0,50MP + 2MP,8MP Front Camera,7200.0,50.0,8.0,2,218.7421875,Midrange,21.450868222085067
"REDMI Note 15 Pro + 5G (Coffee Mocha, 512 GB)",REDMI,44642.0,44999.0,0.79,4.2,44.0,3.0,12.0,512.0,200MP Rear Camera,,6500.0,200.0,,1,87.19140625,Upper Midrange,15.987982457035343
"OPPO F33 Pro 5G (Misty Forest, 128 GB)",OPPO,37462.0,55999.0,33.0,4.3,55.0,21.0,8.0,128.0,50MP + 2MP,50MP Front Camera,7000.0,50.0,50.0,2,292.671875,Upper Midrange,17.309012270161144
"REDMI Note 15 Pro + 5G (Mirage Blue, 512 GB)",REDMI,43593.0,44999.0,3.0,4.2,44.0,3.0,12.0,512.0,200MP Rear Camera,,6500.0,200.0,,1,85.142578125,Upper Midrange,15.987982457035343
"OPPO Reno15 Pro Mini 5G (Cocoa Brown, 512 GB)",OPPO,64999.0,69999.0,7.0,4.6,617.0,60.0,12.0,512.0,200MP + 50MP + 50MP,,6200.0,200.0,,3,126.951171875,Premium,29.561846904305373
"Tecno Pova Curve 2 5G (Melting Silver, 256 GB)",Tecno,31999.0,34999.0,8.0,4.0,264.0,26.0,8.0,256.0,50MP + 2MP,13MP Front Camera,8000.0,50.0,13.0,2,124.99609375,Upper Midrange,22.318919303944888
"vivo Y51 Pro 5G (Noble Gold, 256 GB)",Vivo,30999.0,37999.0,18.0,4.4,130.0,8.0,8.0,256.0,50MP + 2MP,8MP Front Camera,7200.0,50.0,8.0,2,121.08984375,Upper Midrange,21.450868222085067
"OPPO F33 Pro 5G (Starry Blue, 128 GB)",OPPO,36929.0,55999.0,34.0,4.3,55.0,21.0,8.0,128.0,50MP + 2MP,50MP Front Camera,7000.0,50.0,50.0,2,288.5078125,Upper Midrange,17.309012270161144
"Samsung Galaxy A37 5G (Awesome Graygreen, 128 GB)",Samsung,41999.0,45999.0,8.0,4.3,55.0,5.0,8.0,128.0,50MP + 8MP,12MP Front Camera,5000.0,50.0,12.0,2,328.1171875,Upper Midrange,17.309012270161144
"realme Gt 7 (Icesense Blue, 256 GB)",realme,36999.0,45999.0,19.0,4.4,797.0,102.0,8.0,256.0,50MP + 50MP + 8MP + 50MP,32MP + 32MP Dual Front Camera,7000.0,50.0,32.0,4,144.52734375,Upper Midrange,29.40127782877916
"OPPO F33 Pro 5G (Passion Red, 128 GB)",OPPO,37248.0,55999.0,33.0,4.3,55.0,21.0,8.0,128.0,50MP + 2MP,50MP Front Camera,7000.0,50.0,50.0,2,291.0,Upper Midrange,17.309012270161144
"REDMI Note 14 Pro 5G (Phantom Purple, 256 GB)",REDMI,25999.0,30999.0,16.0,4.4,5994.0,406.0,8.0,256.0,50MP + 8MP + 2MP,20MP Front Camera,5500.0,50.0,20.0,3,101.55859375,Midrange,38.274196696831105
"POCO M8 Charger in the Box (Glacial Blue, 256 GB)",POCO,23999.0,29999.0,20.0,4.3,1291.0,124.0,8.0,256.0,50MP Rear Camera,20MP Front Camera,5520.0,50.0,20.0,1,93.74609375,Midrange,30.804970742672953
"OPPO K13x 5G 6000mAh and 45W SUPERVOOC Charger & AI (Sunset Peach, 128 GB)",OPPO,16999.0,,,4.4,61103.0,3850.0,6.0,128.0,50MP + 2MP,8MP Front Camera,6000.0,50.0,8.0,2,132.8046875,Midrange,48.48946348164731
"Tecno Pova Curve 2 5G (Storm Titanium, 256 GB)",Tecno,31999.0,34999.0,8.0,4.0,264.0,26.0,8.0,256.0,50MP + 2MP,13MP Front Camera,8000.0,50.0,13.0,2,124.99609375,Upper Midrange,22.318919303944888
"realme C83 5G (Sprouting Green, 64 GB)",realme,16499.0,19999.0,17.0,4.1,147.0,5.0,4.0,64.0,13MP Rear Camera,5MP Front Camera,7000.0,13.0,5.0,1,257.796875,Midrange,20.488570322432867
"Apple iPhone 17 Pro (Deep Blue, 512 GB)",Apple,154900.0,,,4.7,1963.0,149.0,,512.0,48MP + 48MP + 48MP,18MP Front Camera,,48.0,18.0,3,302.5390625,Premium,35.63887089789773
"OPPO A6x 5G (Olive Green, 128 GB)",OPPO,18999.0,20999.0,9.0,4.3,211.0,10.0,4.0,128.0,13MP Rear Camera,5MP Front Camera,6500.0,13.0,5.0,1,148.4296875,Midrange,23.033320981089652
"Apple iPhone 17 (Lavender, 512 GB)",Apple,102900.0,,,4.6,12927.0,821.0,,512.0,48MP + 48MP,18MP Front Camera,,48.0,18.0,2,200.9765625,Premium,43.548893591500025
"Samsung Galaxy A36 5G (Awesome White, 128 GB)",Samsung,28388.0,35999.0,21.0,4.3,2249.0,178.0,8.0,128.0,50MP + 8MP,12MP Front Camera,5000.0,50.0,12.0,2,221.78125,Midrange,33.190347629353404
"Motorola G60 (Dynamic Gray, 128 GB)",MOTOROLA,21999.0,,,4.1,77739.0,7534.0,6.0,128.0,108MP + 8MP + 2MP,32MP Front Camera,6000.0,108.0,32.0,3,171.8671875,Midrange,46.17061333806547
"OPPO Reno14 Pro 5G (Pearl White, 256 GB)",OPPO,54999.0,,,4.5,1841.0,213.0,12.0,256.0,50MP + 50MP + 50MP,50MP Front Camera,6200.0,50.0,50.0,3,214.83984375,Premium,33.83373247566863
"Apple iPhone 17 (White, 512 GB)",Apple,102900.0,,,4.6,12927.0,821.0,,512.0,48MP + 48MP,18MP Front Camera,,48.0,18.0,2,200.9765625,Premium,43.548893591500025
"Tecno Spark 50 5G (Fantasy Purple, 128 GB)",Tecno,21499.0,31999.0,32.0,4.3,35.0,0.0,6.0,128.0,50MP Rear Camera,8MP Front Camera,6500.0,50.0,8.0,1,167.9609375,Midrange,15.409131435361273
"Samsung Galaxy F14 5G (OMG Black, 128 GB)",Samsung,18490.0,,,4.2,122751.0,8901.0,6.0,128.0,50MP + 2MP,13MP Front Camera,6000.0,50.0,13.0,2,144.453125,Midrange,49.21526962297283
"LAVA Shark (Stealth Black, 64 GB)",LAVA,10620.0,10999.0,3.0,4.2,304.0,9.0,4.0,64.0,50MP Rear Camera,,5000.0,50.0,,1,165.9375,Budget,24.02530946175113
"OPPO F31 Pro 5G (Desert Gold, 256 GB)",OPPO,29999.0,33999.0,11.0,4.4,934.0,65.0,8.0,256.0,50MP + 2MP,32MP Front Camera,7000.0,50.0,32.0,2,117.18359375,Midrange,30.098404728870225
"OPPO Reno15 Pro 5G (Cocoa Brown, 256 GB)",OPPO,67999.0,74999.0,9.0,4.6,129.0,16.0,12.0,256.0,200MP + 50MP + 50MP,,6500.0,200.0,,3,265.62109375,Premium,22.390658472095677
"REDMI Note 12 (Ice Blue, 64 GB)",REDMI,16990.0,18999.0,10.0,4.2,34045.0,2604.0,6.0,64.0,50MP + 8MP + 2MP,13MP Front Camera,5000.0,50.0,13.0,3,265.46875,Midrange,43.828964887572965
"LAVA Blaze Duo 3 (Moonlight Black, 128 GB)",LAVA,18499.0,25999.0,28.0,3.7,9.0,0.0,6.0,128.0,50MP + 64MP,0MP Front Camera,5000.0,50.0,0.0,2,144.5234375,Midrange,8.519564844077971
"Samsung Galaxy F17 5G (Neo Black, 128 GB)",Samsung,17989.0,19499.0,7.0,4.3,154.0,10.0,6.0,128.0,50MP + 5MP,13MP Front Camera,5000.0,50.0,13.0,2,140.5390625,Midrange,21.68672800275276
"Infinix Note edge (Lunar Titanium, 128 GB)",Infinix,24999.0,29999.0,16.0,4.2,129.0,17.0,8.0,128.0,50MP Rear Camera,13MP Front Camera,6500.0,50.0,13.0,1,195.3046875,Midrange,20.443644691913445
"OPPO A6x 5G (Olive Green, 64 GB)",OPPO,16999.0,18999.0,10.0,4.3,211.0,10.0,4.0,64.0,13MP Rear Camera,5MP Front Camera,6500.0,13.0,5.0,1,265.609375,Midrange,23.033320981089652
