Product Name,Brand,Price,Original Price,Discount %,Rating,Ratings Count,Reviews Count,RAM (GB),Storage (GB),Rear Camera (MP),Front Camera (MP),Battery (mAh)
"OPPO K14x 5G (Icy Blue, 128 GB)",OPPO,16999,17999,5,4.3,3075,198,4,128,50MP + 2MP,5MP; f/2.2; FOV 77°; 3P lens,6500
"Samsung M06 5G (Sage Green, 128 GB)",Samsung,12690,15499,18,4.1,1999,127,4,128,50MP Rear Camera,,5000
"MOTOROLA g37 (PANTONE Impenetrable, 64 GB)",MOTOROLA,18999,24999,24,4,11,2,4,64,50MP Rear Camera,8MP Front Camera,5200
"Samsung M06 5G (Sage Green, 128 GB)",Samsung,14168,18999,25,4.1,1502,83,6,128,50MP Rear Camera,,5000
"POCO C85x Charger in the Box (Emerald Green, 64 GB)",POCO,12499,20999,40,4.1,1662,92,4,64,32MP Rear Camera,,6300
"POCO C85x Charger in the Box (Sunset Gold, 64 GB)",POCO,12499,20999,40,4.1,1662,92,4,64,32MP Rear Camera,,6300
"MOTOROLA Edge 60 Fusion 5G (PANTONE Slipstream, 128 GB)",MOTOROLA,22999,24999,8,4.4,120468,7120,8,128,50MP + 13MP,32MP Front Camera,5500
"POCO C81x (Ice Blue, 64 GB)",POCO,10999,18999,42,3.8,92,6,3,64,13MP Rear Camera,8MP Front Camera,5200
"OPPO K14x 5G (Prism Violet, 128 GB)",OPPO,18999,19999,5,4.3,1532,86,6,128,50MP + 2MP,5MP; f/2.2; FOV 77°; 3P lens,6500
"OPPO K14 5G (Prism White, 128 GB)",OPPO,19999,25999,23,4.3,1035,66,6,128,50MP Rear Camera,8MP Front Camera,7000
"realme P4 5G (Steel Grey, 128 GB)",realme,21999,,,4.4,18347,1303,8,128,50MP + 8MP,16MP Front Camera,7000
"realme P4x 5G (Elegant Pink, 128 GB)",realme,20999,21999,4,4.3,10991,835,6,128,50MP + 2MP,8MP Front Camera,7000
"realme P4 Lite 5G (Mosaic Green, 64 GB)",realme,14999,19999,25,4.3,4937,302,4,64,13MP Rear Camera,5MP Front Camera,7000
"POCO C71  - Locked with Airtel Prepaid (Desert Gold, 64 GB)",POCO,8999,,,3.8,61157,2776,4,64,32MP Rear Camera,8MP Front Camera,5200
"POCO M7 Plus 5G (Carbon Black, 128 GB)",POCO,15999,16999,5,4.3,8946,563,6,128,50MP AI Dual Camera,,7000
"realme P4 Lite (Sea Blue, 128 GB)",realme,13999,,,4.1,2507,145,4,128,13MP Rear Camera,5MP Front Camera,6300
"vivo T5x 5G (Cyber Green, 128 GB)",vivo,22999,28999,20,4.3,8063,554,6,128,50MP + 2MP,32MP Front Camera,7200
"MOTOROLA Edge 60 Fusion 5G (PANTONE Amazonite, 128 GB)",MOTOROLA,22999,24999,8,4.4,120468,7120,8,128,50MP + 13MP,32MP Front Camera,5500
"OPPO K14x 5G (Icy Blue, 64 GB)",OPPO,14999,19999,25,4.3,3075,198,4,64,50MP + 2MP,5MP; f/2.2; FOV 77°; 3P lens,6500
"MOTOROLA g37 (PANTONE Capri, 64 GB)",MOTOROLA,18999,24999,24,4,11,2,4,64,50MP Rear Camera,8MP Front Camera,5200
"POCO M8 Charger in the Box (Frost Silver, 128 GB)",POCO,19999,25999,23,4.3,1521,156,6,128,50MP Rear Camera,20MP Front Camera,5520
"POCO C85 5G Charger in the Box (Power Black, 128 GB)",POCO,14499,20999,30,3.8,1112,111,4,128,50MP Rear Camera,8MP Front Camera,6000
"POCO C81x (Crystal Black, 64 GB)",POCO,10999,18999,42,3.8,92,6,3,64,13MP Rear Camera,8MP Front Camera,5200
"OnePlus Nord CE6 Lite (Hyper Black, 128 GB)",OnePlus,23715,31999,25,3.8,73,7,6,128,50MP Rear Camera,50MP Front Camera,7000
"POCO C51 - Locked with Airtel Prepaid (Power Black, 64 GB)",POCO,8499,9999,15,4,226809,12047,4,64,8MP Dual Rear Camera,5MP Front Camera,5000
"POCO C85 5G Charger in the Box (Power Black, 128 GB)",POCO,14499,20999,30,3.8,1112,111,4,128,50MP Rear Camera,8MP Front Camera,6000
"POCO C81x (Crystal Black, 64 GB)",POCO,10999,18999,42,3.8,92,6,3,64,13MP Rear Camera,8MP Front Camera,5200
"MOTOROLA g37 (PANTONE Nautical Blue, 64 GB)",MOTOROLA,18999,24999,24,4,11,2,4,64,50MP Rear Camera,8MP Front Camera,5200
"Tecno Pova 7 Pro 5G (Neon Cyan, 256 GB)",Tecno,19374,23999,19,4.4,5603,573,8,256,64MP + 8MP,13MP Front Camera,6000
"MOTOROLA g06 power (Pantone Tendril, 64 GB)",MOTOROLA,15999,19999,20,4.2,17454,1029,4,64,50MP Rear Camera,8MP Front Camera,7000
"Ai+ Pulse 1 (Green, 64 GB)",Ai+,7999,,,4.2,42699,2813,4,64,50MP Rear Camera,5MP Front Camera,5000
"Samsung Galaxy F06 5G (Lit Violet, 128 GB)",Samsung,13999,16999,17,4.2,45989,2938,4,128,50MP + 2MP,8MP Front Camera,5000
"vivo T4R 5G (Arctic White, 128 GB)",vivo,22999,23499,2,4.4,50284,2849,8,128,50MP (OIS) + 2MP,32MP Front Camera,5700
"POCO C81 (Sunset Gold, 64 GB)",POCO,11999,19999,40,3.7,72,6,4,64,13MP Rear Camera,8MP Front Camera,6300
"realme P4 Lite 5G (Mosaic Green, 128 GB)",realme,16499,32999,50,4.3,4937,302,4,128,13MP Rear Camera,5MP Front Camera,7000
"vivo T4 Pro 5G (Blaze Gold, 256 GB)",vivo,29999,34999,14,4.5,19935,1559,8,256,50MP + 2MP + 50MP,32MP Front Camera,6500
"Ai+ Pulse 2 (Purple, 128 GB)",Ai+,11999,,,3.8,3095,260,6,128,50MP Rear Camera,8MP Front Camera,6000
"Samsung Galaxy F36 5G (Violet, 128 GB)",Samsung,21999,24499,10,4.2,5813,429,8,128,50MP + 8MP + 2MP,13MP Front Camera,5000
"MOTOROLA g06 power (Pantone tapestry, 64 GB)",MOTOROLA,15999,19999,20,4.2,17454,1029,4,64,50MP Rear Camera,8MP Front Camera,7000
"MOTOROLA g37 power (PANTONE Nautical Blue, 128 GB)",MOTOROLA,19999,30499,34,4.3,4,1,4,128,50MP Rear Camera,8MP Front Camera,7000
"POCO M7 Plus 5G (Carbon Black, 128 GB)",POCO,16999,17999,5,4.2,5187,342,8,128,50MP AI Dual Camera,,7000
"POCO C85x Charger in the Box (Elite Black, 64 GB)",POCO,12499,20999,40,4.1,1662,92,4,64,32MP Rear Camera,,6300
"OnePlus Nord CE6 Lite (Hyper Black, 128 GB)",OnePlus,25442,33999,25,4.3,46,2,8,128,50MP Rear Camera,50MP Front Camera,7000
"POCO C85 5G Charger in the Box (Power Black, 128 GB)",POCO,15999,22999,30,4.3,820,40,6,128,50MP Rear Camera,8MP Front Camera,6000
"OnePlus Nord CE6 Lite (Vivid Mint, 128 GB)",OnePlus,23647,31999,26,3.8,73,7,6,128,50MP Rear Camera,50MP Front Camera,7000
"OPPO K14 5G (Icy Blue, 128 GB)",OPPO,19999,25999,23,4.3,1035,66,6,128,50MP Rear Camera,8MP Front Camera,7000
"OPPO K14 5G (Prism Violet, 256 GB)",OPPO,21999,27999,21,4.3,1035,66,6,256,50MP Rear Camera,8MP Front Camera,7000
"realme P3 Ultra 5G (Orion Red, 128 GB)",realme,25999,31999,18,4.4,20809,2045,8,128,50MP + 8MP,16MP Front Camera,6000
"OPPO K14x 5G (Prism Violet, 64 GB)",OPPO,14999,19999,25,4.3,3075,198,4,64,50MP + 2MP,5MP; f/2.2; FOV 77°; 3P lens,6500
"POCO M7 Plus 5G (Chrome Silver, 128 GB)",POCO,16999,17999,5,4.2,5187,342,8,128,50MP AI Dual Camera,,7000
"vivo T4 Pro 5G (Nitro Blue, 256 GB)",vivo,29999,34999,14,4.5,19935,1559,8,256,50MP + 2MP + 50MP,32MP Front Camera,6500
"POCO M7 5G - Locked with Airtel Prepaid (Ocean Blue, 128 GB)",POCO,12999,,,3.7,10308,491,6,128,50MP Rear Camera,8MP Front Camera,5160
"vivo T5x 5G (Cyber Green, 128 GB)",vivo,24999,30999,19,4.4,9872,816,8,128,50MP + 2MP,32MP Front Camera,7200
"MOTOROLA g35 5G (Leaf Green, 128 GB)",MOTOROLA,12499,,,4.2,137509,8536,4,128,50MP + 8MP,16MP Front Camera,5000
"POCO C75 5G (Enchanted Green, 64 GB)",POCO,10999,,,4.2,150025,6816,4,64,50MP Rear Camera,5MP Front Camera,5160
"OPPO K13 5G with 7000mAh and 80W SUPERVOOC Charger In-The-Box (Icy Purple, 128 GB)",OPPO,22999,,,4.4,73745,4963,8,128,50MP + 2MP,16MP Front Camera,7000
"MOTOROLA Edge 70 Fusion (Pantone SILHOUETTE, 256 GB)",MOTOROLA,32999,45999,28,4.4,8423,909,8,256,50MP + 13MP,32MP Front Camera,7000
"realme P4x 5G (Matte Silver, 128 GB)",realme,22499,23499,4,4.3,5477,422,8,128,50MP + 2MP,8MP Front Camera,7000
"vivo T4R 5G (Twilight Blue, 256 GB)",vivo,24999,,,4.4,50284,2849,8,256,50MP (OIS) + 2MP,32MP Front Camera,5700
"OPPO K14x 5G (Icy Blue, 128 GB)",OPPO,18999,19999,5,4.3,1532,86,6,128,50MP + 2MP,5MP; f/2.2; FOV 77°; 3P lens,6500
"realme C85 5G (Parrot Purple, 128.0 GB)",realme,21999,24999,12,4.3,190,12,4,0,50MP Rear Camera,8MP Front Camera,7000
"realme P4 5G (Steel Grey, 128 GB)",realme,20999,,,4.4,21424,1452,6,128,50MP + 8MP,16MP Front Camera,7000
"OPPO K14 5G (Prism White, 256 GB)",OPPO,23999,29999,20,4.2,382,40,8,256,50MP Rear Camera,8MP Front Camera,7000
"OPPO K14 5G (Prism Violet, 256 GB)",OPPO,23999,29999,20,4.2,382,40,8,256,50MP Rear Camera,8MP Front Camera,7000
"MOTOROLA g37 power (PANTONE Impenetrable, 128 GB)",MOTOROLA,25999,37999,31,,,,8,128,50MP Rear Camera,8MP Front Camera,7000
"Apple iPhone 15 (Black, 128 GB)",Apple,59900,,,4.6,245694,9251,,,48MP + 12MP,12MP Front Camera,
"realme P3 Lite 5G Charger in the Box (Midnight Lily, 128 GB)",realme,13999,,,4.4,14375,685,6,128,32MP Rear Camera,8MP Front Camera,6000
"OPPO K14x 5G (Prism Violet, 128 GB)",OPPO,16999,17999,5,4.3,3075,198,4,128,50MP + 2MP,5MP; f/2.2; FOV 77°; 3P lens,6500
"Samsung Galaxy F06 5G (Bahama Blue, 128 GB)",Samsung,15499,,,4.2,24550,1681,6,128,50MP + 2MP,8MP Front Camera,5000
"OPPO K14 5G (Icy Blue, 256 GB)",OPPO,21999,27999,21,4.3,1035,66,6,256,50MP Rear Camera,8MP Front Camera,7000
"OPPO K14 5G (Prism Violet, 128 GB)",OPPO,19999,25999,23,4.3,1035,66,6,128,50MP Rear Camera,8MP Front Camera,7000
"MOTOROLA G96 5G (Pantone Dresden Blue, 128 GB)",MOTOROLA,20999,,,4.4,89801,5025,8,128,50MP + 8MP,32MP Front Camera,5500
"POCO M7 Plus 5G (Chrome Silver, 128 GB)",POCO,15999,16999,5,4.3,8946,563,6,128,50MP AI Dual Camera,,7000
"Samsung M05 (Mint Green, 64 GB)",Samsung,6704,9999,32,4.3,4217,168,4,64,50MP Rear Camera,,5000
"Samsung Galaxy F06 5G (Bahama Blue, 128 GB)",Samsung,13999,16999,17,4.2,45989,2938,4,128,50MP + 2MP,8MP Front Camera,5000
"realme C85 5G (Peacock Green, 128.0 GB)",realme,16499,,,4.3,190,12,4,0,50MP Rear Camera,8MP Front Camera,7000
"vivo T4x 5G (Pronto Purple, 256 GB)",vivo,20999,,,4.4,139912,7438,8,256,50MP + 2MP,8MP Front Camera,6500
"realme C85 5G (Parrot Purple, 128.0 GB)",realme,16499,,,4.3,190,12,4,0,50MP Rear Camera,8MP Front Camera,7000
"MOTOROLA Edge 60 Fusion 5G (PANTONE Mykonos Blue, 128 GB)",MOTOROLA,22999,24999,8,4.4,120468,7120,8,128,50MP + 13MP,32MP Front Camera,5500
"MOTOROLA g05 (Forest Green, 64 GB)",MOTOROLA,7299,9999,27,4.2,81860,4858,4,64,50MP Rear Camera,8MP Front Camera,5100
"POCO C71 (Cool Blue, 128 GB)",POCO,9999,,,4.1,36600,1744,6,128,32MP Rear Camera,8MP Front Camera,5200
"POCO C81 (Sky Blue, 64 GB)",POCO,11999,19999,40,3.7,72,6,4,64,13MP Rear Camera,8MP Front Camera,6300
"POCO C71  - Locked with Airtel Prepaid (Power Black, 64 GB)",POCO,8999,,,3.8,61157,2776,4,64,32MP Rear Camera,8MP Front Camera,5200
"vivo T4R 5G (Twilight Blue, 128 GB)",vivo,22999,23499,2,4.4,50284,2849,8,128,50MP (OIS) + 2MP,32MP Front Camera,5700
"realme 15 Pro 5G (Velvet Green, 256 GB)",realme,29999,37999,21,4.3,9599,864,8,256,50MP + 50MP,50MP Front Camera,7000
"vivo T4 Pro 5G (Blaze Gold, 128 GB)",vivo,27999,32999,15,4.5,19935,1559,8,128,50MP + 2MP + 50MP,32MP Front Camera,6500
"MOTOROLA Edge 70 Fusion (Pantone SILHOUETTE, 256 GB)",MOTOROLA,34999,49999,30,4.3,1707,178,12,256,50MP + 13MP,32MP Front Camera,7000
"MOTOROLA g35 5G (Leaf Green, 128 GB)",MOTOROLA,13999,15499,9,4.2,15182,829,8,128,50MP + 8MP,16MP Front Camera,5000
"OnePlus Nord CE6 Lite (Vivid Mint, 128 GB)",OnePlus,25525,33999,24,4.3,46,2,8,128,8MP Rear Camera,50MP Front Camera,7000
"IQOO Z10R 5G (Aquamarine, 128 GB)",IQOO,23140,23499,1,4.4,5328,318,8,128,50MP Rear Camera,,5700
"vivo T4 5G (Phantom Grey, 256 GB)",vivo,28999,29999,3,4.4,22963,1370,12,256,50MP (OIS) + 2MP,32MP Front Camera,7300
"vivo T4x 5G (Glacial Teal, 256 GB)",vivo,20999,,,4.4,139912,7438,8,256,50MP + 2MP,8MP Front Camera,6500
"vivo T4x 5G (Glacial Teal, 128 GB)",vivo,18999,19499,2,4.4,139912,7438,8,128,50MP + 2MP,8MP Front Camera,6500
"vivo T4 5G (Emerald Blaze, 128 GB)",vivo,24999,25999,3,4.4,79727,4420,8,128,50MP (OIS) + 2MP,32MP Front Camera,7300
"MOTOROLA g35 5G (Guava Red, 128 GB)",MOTOROLA,13999,15499,9,4.2,15182,829,8,128,50MP + 8MP,16MP Front Camera,5000
"vivo T4x 5G (Marine Blue, 256 GB)",vivo,20999,,,4.4,139912,7438,8,256,50MP + 2MP,8MP Front Camera,6500
"Nothing Phone (3a) Lite (Black, 128 GB)",Nothing,22999,,,4.4,3104,204,8,128,50MP + 8MP + 2MP,16MP Front Camera,5000
"vivo T4x 5G (Pronto Purple, 128 GB)",vivo,16999,17999,5,4.4,176013,8849,6,128,50MP + 2MP,8MP Front Camera,6500
"OnePlus Nord CE6 (Pitch Black, 128 GB)",OnePlus,32999,40999,19,4.3,49,5,8,128,50MP Rear Camera,2MP Front Camera,8000
"POCO C75 5G (Silver Stardust, 64 GB)",POCO,10999,,,4.2,150025,6816,4,64,50MP Rear Camera,5MP Front Camera,5160
"realme P3 Lite 5G Charger in the Box (Midnight Lily, 128 GB)",realme,12999,,,4.2,12007,630,4,128,32MP Rear Camera,8MP Front Camera,6000
"vivo T4x 5G (Glacial Teal, 128 GB)",vivo,16999,17999,5,4.4,176013,8849,6,128,50MP + 2MP,8MP Front Camera,6500
"vivo T4 5G (Phantom Grey, 128 GB)",vivo,24999,25999,3,4.4,79727,4420,8,128,50MP (OIS) + 2MP,32MP Front Camera,7300
"MOTOROLA g35 5G (Midnight Black, 128 GB)",MOTOROLA,13999,15499,9,4.2,15182,829,8,128,50MP + 8MP,16MP Front Camera,5000
"vivo T4x 5G (Marine Blue, 128 GB)",vivo,18999,19499,2,4.4,139912,7438,8,128,50MP + 2MP,8MP Front Camera,6500
"vivo T4x 5G (Pronto Purple, 128 GB)",vivo,18999,19499,2,4.4,139912,7438,8,128,50MP + 2MP,8MP Front Camera,6500
"vivo T4 5G (Phantom Grey, 256 GB)",vivo,26999,27999,3,4.4,79727,4420,8,256,50MP (OIS) + 2MP,32MP Front Camera,7300
"OPPO Reno14 5G (Pearl White, 256 GB)",OPPO,42999,,,4.4,4919,497,8,256,50MP + 8MP + 50MP,50MP Front Camera,6000
"POCO C75 5G (Aqua Bliss, 64 GB)",POCO,10999,,,4.2,150025,6816,4,64,50MP Rear Camera,5MP Front Camera,5160
"MOTOROLA Edge 70 Fusion (Pantone BLUE SURF, 256 GB)",MOTOROLA,32999,45999,28,4.4,8423,909,8,256,50MP + 13MP,32MP Front Camera,7000
"POCO C75 5G (Aqua Bliss, 128 GB)",POCO,11499,,,4.2,150025,6816,4,128,50MP Rear Camera,5MP Front Camera,5160
"realme P4x 5G (Elegant Pink, 128 GB)",realme,22499,23499,4,4.3,5477,422,8,128,50MP + 2MP,8MP Front Camera,7000
"OnePlus Nord CE6 Lite (Hyper Black, 256 GB)",OnePlus,31127,36999,15,4.3,46,2,8,256,50MP Rear Camera,50MP Front Camera,7000
"realme C71 (Sea Blue, 128 GB)",realme,9699,10999,11,4.2,9392,358,6,128,13MP Rear Camera,5MP Front Camera,6300
"POCO C71 (Desert Gold, 128 GB)",POCO,9999,,,4.1,36600,1744,6,128,32MP Rear Camera,8MP Front Camera,5200
"MOTOROLA g35 5G (Guava Red, 128 GB)",MOTOROLA,12499,,,4.2,137509,8536,4,128,50MP + 8MP,16MP Front Camera,5000
"Samsung Galaxy F06 5G (Bahama Blue, 64 GB)",Samsung,12499,,,4.2,45989,2938,4,64,50MP + 2MP,8MP Front Camera,5000
"Ai+ Nova 2 Ultra 5G (Purple, 128 GB)",Ai+,20999,25999,19,4.3,465,133,6,128,50MP + 8MP,13MP Front Camera,6000
"POCO C51 (Power Black, 64 GB)",POCO,8499,9999,15,4,226809,12047,4,64,8MP Dual Rear Camera,5MP Front Camera,5000
"MOTOROLA Razr 60 (PANTONE Spring Bud, 256 GB)",MOTOROLA,49999,54999,9,4.4,2378,167,8,256,50MP + 13MP,32MP Front Camera,4500
"Samsung Galaxy A07 LTE (Green, 64 GB)",Samsung,9830,10499,6,4.3,542,30,4,64,50MP + 2MP,,5000
"realme GT 7T (IceSense Black, 512 GB)",realme,35999,46999,23,4.4,906,91,12,512,50MP + 8MP,32MP Front Camera,7000
"realme GT 7T (Racing Yellow, 256 GB)",realme,33999,42999,20,4.4,906,91,12,256,50MP + 8MP,32MP Front Camera,7000
"OnePlus Nord CE6 Lite (Hyper Black, 128 GB)",OnePlus,23715,31999,25,3.8,73,7,6,128,50MP Rear Camera,50MP Front Camera,7000
"realme P3 Ultra 5G (Glowing Lunar White, 256 GB)",realme,28999,33999,14,4.4,20809,2045,8,256,50MP + 8MP,16MP Front Camera,6000
"Samsung Galaxy M17 5G (Sapphire Black, 128 GB)",Samsung,14718,16499,10,4.2,879,54,4,128,50MP Rear Camera,,5000
"Apple iPhone 17 (Mist Blue, 256 GB)",Apple,82900,,,4.6,12927,821,,,48MP + 48MP,18MP Front Camera,
"POCO C85 5G Charger in the Box (Power Black, 128 GB)",POCO,15999,22999,30,4.3,820,40,6,128,50MP Rear Camera,8MP Front Camera,6000
"OPPO Reno14 5G (Forest Green, 256 GB)",OPPO,44999,,,4.5,3946,359,12,256,50MP + 8MP + 50MP,50MP Front Camera,6000
"OPPO Reno14 5G (Pearl White, 512 GB)",OPPO,47999,,,4.5,3946,359,12,512,50MP + 8MP + 50MP,50MP Front Camera,6000
"Samsung Galaxy F36 5G (Red, 128 GB)",Samsung,21999,24499,10,4.2,5813,429,8,128,50MP + 8MP + 2MP,13MP Front Camera,5000
"POCO C81x (Ice Blue, 64 GB)",POCO,10999,18999,42,3.8,92,6,3,64,13MP Rear Camera,8MP Front Camera,5200
"MOTOROLA G96 5G (Pantone Greener Pastures, 128 GB)",MOTOROLA,20999,,,4.4,89801,5025,8,128,50MP + 8MP,32MP Front Camera,5500
"MOTOROLA g35 5G (Leaf Green, 128 GB)",MOTOROLA,12499,,,4.2,137509,8536,4,128,50MP + 8MP,16MP Front Camera,5000
"Ai+ Nova 2 5G (Pink, 128 GB)",Ai+,14999,,,4.2,1554,95,6,128,50MP Rear Camera,8MP Front Camera,6000
"Ai+ Pulse 2 (Black, 128 GB)",Ai+,11999,,,3.8,3095,260,6,128,50MP Rear Camera,8MP Front Camera,6000
"Apple iPhone 16 (White, 128 GB)",Apple,69900,,,4.6,193584,6827,,,48MP + 12MP,12MP Front Camera,
"realme 15 Pro 5G (Flowing Silver, 256 GB)",realme,31999,39999,20,4.4,5625,435,12,256,50MP + 50MP,50MP Front Camera,7000
"realme 15 Pro 5G (Silk Purple, 256 GB)",realme,29999,37999,21,4.3,9599,864,8,256,50MP + 50MP,50MP Front Camera,7000
"Apple iPhone 17 Pro (Cosmic Orange, 256 GB)",Apple,134900,,,4.7,1963,149,,,48MP + 48MP + 48MP,18MP Front Camera,
"Samsung Galaxy A26 5G (Mint, 128 GB)",Samsung,24999,27999,10,3.9,424,37,8,128,50MP + 8MP,13MP Front Camera,5000
"OPPO Reno14 5G (Forest Green, 256 GB)",OPPO,42999,,,4.4,4919,497,8,256,50MP + 8MP + 50MP,50MP Front Camera,6000
"OPPO K13 Turbo 5G (White Knight, 128 GB)",OPPO,27999,33999,17,4.4,8306,593,8,128,50MP + 2MP,16MP Front Camera,7000
"POCO M7 Plus 5G (Carbon Black, 128 GB)",POCO,16999,17999,5,4.2,5187,342,8,128,50MP AI Dual Camera,,7000
"POCO M7 Plus 5G (Carbon Black, 128 GB)",POCO,16999,17999,5,4.2,5187,342,8,128,50MP AI Dual Camera,,7000
"OPPO K13 Turbo 5G (White Knight, 128 GB)",OPPO,27999,33999,17,4.4,8306,593,8,128,50MP + 2MP,16MP Front Camera,7000
"OPPO Reno14 5G (Forest Green, 256 GB)",OPPO,42999,,,4.4,4919,497,8,256,50MP + 8MP + 50MP,50MP Front Camera,6000
"Samsung Galaxy M06 5G (Blazing Black, 64 GB)",Samsung,11948,12499,4,4.1,663,41,4,64,50MP Rear Camera,,5000
"POCO C81 (Elite Black, 64 GB)",POCO,11999,19999,40,3.7,72,6,4,64,13MP Rear Camera,8MP Front Camera,6300
"realme P3 Ultra 5G (Glowing Lunar White, 128 GB)",realme,25999,31999,18,4.4,20809,2045,8,128,50MP + 8MP,16MP Front Camera,6000
"realme P3 Ultra 5G (Neptune Blue, 128 GB)",realme,25999,31999,18,4.4,20809,2045,8,128,50MP + 8MP,16MP Front Camera,6000
"Samsung Galaxy A35 5G (Awesome Navy, 128 GB)",Samsung,18999,33999,44,4.4,77589,5025,8,128,50MP + 8MP + 5MP,13MP Front Camera,5000
"vivo T5 Pro 5G (Glacier Blue, 128 GB)",vivo,29999,55999,46,4.4,3140,363,8,128,50MP + 2MP,32MP Front Camera,9020
"Samsung Galaxy F06 5G (Lit Violet, 128 GB)",Samsung,15999,18999,15,4.2,24550,1681,6,128,50MP + 2MP,8MP Front Camera,5000
"Google Pixel 10a (Berry, 256 GB)",Google,49999,,,4.5,1210,139,8,256,48MP + 13MP,13MP Front Camera,5100
"Ai+ Pulse 2 (Blue, 128 GB)",Ai+,11999,,,3.8,3095,260,6,128,50MP Rear Camera,8MP Front Camera,6000
"MOTOROLA Edge 60 Fusion 5G (PANTONE Zephyr, 256 GB)",MOTOROLA,27999,,,4.4,45312,2675,12,256,50MP + 13MP,32MP Front Camera,5500
"IQOO Z11x 5G (Prismatic Green, 128 GB)",IQOO,22436,28999,22,4.3,525,45,6,128,50MP Rear Camera,,7200
"IQOO Z10 Lite 5G (Titanium Blue, 128 GB)",IQOO,15383,16999,9,4.2,3239,143,4,128,50MP Rear Camera,,6000
"realme GT 7T (IceSense Blue, 256 GB)",realme,33999,42999,20,4.4,906,91,12,256,50MP + 8MP,32MP Front Camera,7000
"REDMI Note 15 SE 5G (Frosted White, 256 GB)",REDMI,26999,37999,28,4.3,914,107,8,256,50MP Rear Camera,20MP Front Camera,5800
"MOTOROLA Edge 70 Fusion (Pantone COUNTRY AIR, 256 GB)",MOTOROLA,34999,49999,30,4.3,1707,178,12,256,50MP + 13MP,32MP Front Camera,7000
"MOTOROLA Edge 70 Fusion (Pantone ORIENT BLUE, 128 GB)",MOTOROLA,30999,42999,27,4.4,8423,909,8,128,50MP + 13MP,32MP Front Camera,7000
"vivo T5 Pro 5G (Glacier Blue, 256 GB)",vivo,33999,61999,45,4.4,3140,363,8,256,50MP + 2MP,32MP Front Camera,9020
"vivo T5 Pro 5G (Cosmic Black, 256 GB)",vivo,33999,61999,45,4.4,3140,363,8,256,50MP + 2MP,32MP Front Camera,9020
"Apple iPhone 17 Pro (Silver, 256 GB)",Apple,134900,,,4.7,1963,149,,,48MP + 48MP + 48MP,18MP Front Camera,
"Ai+ Pulse 1 (Blue, 128 GB)",Ai+,9999,,,4,9099,572,6,128,50MP Rear Camera,5MP Front Camera,5000
"realme GT 7T (IceSense Blue, 512 GB)",realme,35999,46999,23,4.4,906,91,12,512,50MP + 8MP,32MP Front Camera,7000
"Ai+ Nova 2 5G (Blue, 128 GB)",Ai+,14999,,,4.2,1554,95,6,128,50MP Rear Camera,8MP Front Camera,6000
"IQOO Z10 Lite 5G (Titanium Blue, 64 GB)",IQOO,14601,27999,47,4.2,3239,143,4,64,50MP Rear Camera,,6000
"MOTOROLA Edge 70 Fusion (Pantone ORIENT BLUE, 128 GB)",MOTOROLA,30999,42999,27,4.4,8423,909,8,128,50MP + 13MP,32MP Front Camera,7000
"IQOO Z10 Lite 5G (Cyber Green, 64 GB)",IQOO,14594,27999,47,4.2,3239,143,4,64,50MP Rear Camera,,6000
"realme 15 Pro 5G (Flowing Silver, 256 GB)",realme,29999,37999,21,4.3,9599,864,8,256,50MP + 50MP,50MP Front Camera,7000
"REDMI A7 (Black, 64 GB)",REDMI,11499,14999,23,3.9,36,1,3,64,13MP Rear Camera,8MP Front Camera,5200
"POCO M7 Plus 5G (Aqua Blue, 128 GB)",POCO,16999,17999,5,4.2,5187,342,8,128,50MP AI Dual Camera,,7000
"Ai+ Pulse 2 (Pink, 64 GB)",Ai+,10999,,,4.4,2781,149,4,64,50MP Rear Camera,8MP Front Camera,6000
"Samsung Galaxy M17e (Blitz Blue, 128 GB)",Samsung,15555,20999,25,4.1,96,5,6,128,50MP Rear Camera,2MP Front Camera,6000
"Apple iPhone 16 (Pink, 128 GB)",Apple,69900,,,4.6,193584,6827,,,48MP + 12MP,12MP Front Camera,
"OnePlus Nord CE6 Lite (Vivid Mint, 256 GB)",OnePlus,31200,36999,15,4.3,46,2,8,256,50MP Rear Camera,50MP Front Camera,7000
"Infinix GT 30 5G+ Pulse Green 128 (Pulse Green, 128 GB)",Infinix,21999,24999,12,4.4,793,52,8,128,64MP + 8MP,13MP Front Camera,5500
"Apple iPhone 16 (Black, 128 GB)",Apple,69900,,,4.6,193584,6827,,,48MP + 12MP,12MP Front Camera,
"Infinix GT 30 5G+ Cyber Blue 256 (Cyber Blue, 256 GB)",Infinix,23999,26999,11,4.5,225,23,8,256,64MP + 8MP,13MP Front Camera,5500
"Samsung Galaxy F56 5G (Violet, 128 GB)",Samsung,27999,30999,9,4.4,447,35,8,128,50MP + 8MP + 2MP,12MP Front Camera,5000
"IQOO Z11x 5G (Titan Black, 128 GB)",IQOO,24845,30999,19,4.4,780,72,8,128,50MP Rear Camera,,7200
"MOTOROLA Edge 60 Fusion 5G (PANTONE Amazonite, 128 GB)",MOTOROLA,22999,24999,8,4.4,120468,7120,8,128,50MP + 13MP,32MP Front Camera,5500
"POCO C85x Charger in the Box (Emerald Green, 64 GB)",POCO,12499,20999,40,4.1,1662,92,4,64,32MP Rear Camera,,6300
"OPPO K13 5G with 7000mAh and 80W SUPERVOOC Charger In-The-Box (Icy Purple, 128 GB)",OPPO,22999,,,4.4,73745,4963,8,128,50MP + 2MP,16MP Front Camera,7000
"OPPO K13 5G with 7000mAh and 80W SUPERVOOC Charger In-The-Box (Prism Black, 128 GB)",OPPO,22999,,,4.4,73745,4963,8,128,50MP + 2MP,16MP Front Camera,7000
"OPPO K13 Turbo 5G (Purple Phantom, 128 GB)",OPPO,27999,33999,17,4.4,8306,593,8,128,50MP + 2MP,16MP Front Camera,7000
"OPPO K13 Turbo 5G (Purple Phantom, 256 GB)",OPPO,29999,35999,16,4.4,8306,593,8,256,50MP + 2MP,16MP Front Camera,7000
"OPPO K13 Turbo 5G (White Knight, 256 GB)",OPPO,29999,35999,16,4.4,8306,593,8,256,50MP + 2MP,16MP Front Camera,7000
"POCO X8 Pro Charger in the Box (White, 256 GB)",POCO,37999,52999,28,4.4,509,76,12,256,50MP + 8MP,20MP Front Camera,6500
"realme P3 Ultra 5G (Orion Red, 128 GB)",realme,25999,31999,18,4.4,20809,2045,8,128,50MP + 8MP,16MP Front Camera,6000
"OnePlus Nord CE6 Lite (Hyper Black, 128 GB)",OnePlus,23716,31999,25,3.8,73,7,6,128,50MP Rear Camera,50MP Front Camera,7000
"vivo T5 Pro 5G (Cosmic Black, 128 GB)",vivo,29999,55999,46,4.4,3140,363,8,128,50MP + 2MP,32MP Front Camera,9020
"Samsung Galaxy M56 5G (Light Green, 256 GB)",Samsung,31990,33999,5,4.4,2330,170,8,256,50MP + 50MP + 8MP,12MP + 2MP Dual Front Camera,5000
"Ai+ Nova 2 Ultra 5G (Red, 128 GB)",Ai+,22999,26999,14,4.3,284,117,8,128,50MP + 8MP,13MP Front Camera,6000
"Google Pixel 10a (Lavender, 256 GB)",Google,49999,,,4.5,1210,139,8,256,48MP + 13MP,13MP Front Camera,5100
"OPPO Reno14 5G (Pearl White, 256 GB)",OPPO,42999,,,4.4,4919,497,8,256,50MP + 8MP + 50MP,50MP Front Camera,6000
"Ai+ Nova 2 Ultra 5G (Black, 128 GB)",Ai+,20999,25999,19,4.3,465,133,6,128,50MP + 8MP,13MP Front Camera,6000
"MOTOROLA Edge 60 Pro (Pantone Sparkling Grape, 256 GB)",MOTOROLA,29999,36999,18,4.3,51272,3850,8,256,50MP + 50MP + 10MP,50MP Front Camera,6000
"realme GT 7T (Racing Yellow, 256 GB)",realme,32999,39999,17,4.3,1505,177,8,256,50MP + 8MP,32MP Front Camera,7000
"REDMI A7 Pro (Black, 64 GB)",REDMI,12499,15999,21,3.7,100,10,4,64,13MP Rear Camera,8MP Front Camera,6300
"MOTOROLA Edge 60 Fusion 5G (PANTONE Slipstream, 256 GB)",MOTOROLA,27999,,,4.4,45312,2675,12,256,50MP + 13MP,32MP Front Camera,5500
"realme P3 Ultra 5G (Glowing Lunar White, 256 GB)",realme,31999,35999,11,4.4,4414,399,12,256,50MP + 8MP,16MP Front Camera,6000
"realme P3 Ultra 5G (Orion Red, 256 GB)",realme,31999,35999,11,4.4,4414,399,12,256,50MP + 8MP,16MP Front Camera,6000
"realme P3 Ultra 5G (Neptune Blue, 256 GB)",realme,31999,35999,11,4.4,4414,399,12,256,50MP + 8MP,16MP Front Camera,6000
"realme P3 Ultra 5G (Orion Red, 256 GB)",realme,28999,33999,14,4.4,20809,2045,8,256,50MP + 8MP,16MP Front Camera,6000
"realme 15 Pro 5G (Velvet Green, 256 GB)",realme,29999,37999,21,4.3,9599,864,8,256,50MP + 50MP,50MP Front Camera,7000
"realme P3 Ultra 5G (Neptune Blue, 128 GB)",realme,25999,31999,18,4.4,20809,2045,8,128,50MP + 8MP,16MP Front Camera,6000
"IQOO Z10R 5G (Moonstone, 256 GB)",IQOO,27500,27999,1,4.4,5328,318,8,256,50MP Rear Camera,,5700
"OPPO K13 5G with 7000mAh and 80W SUPERVOOC Charger In-The-Box (Icy Purple, 256 GB)",OPPO,24999,,,4.4,73745,4963,8,256,50MP + 2MP,16MP Front Camera,7000
"Samsung Galaxy M17 5G (Moonlight Silver, 128 GB)",Samsung,19376,19499,,4.4,90,7,8,128,50MP Rear Camera,,5000
"OnePlus Nord CE6 (Lunar Pearl, 128 GB)",OnePlus,33114,40999,19,4.3,49,5,8,128,50MP Rear Camera,2MP Front Camera,8000
"MOTOROLA g37 power (PANTONE Impenetrable, 128 GB)",MOTOROLA,25999,37999,31,,,,8,128,50MP Rear Camera,8MP Front Camera,7000
"realme 15T 5G (Suit Titanium, 128 GB)",realme,27999,31999,12,4.2,6398,448,8,128,50MP + 2MP,50MP Front Camera,7000
"POCO M7 Plus 5G (Chrome Silver, 128 GB)",POCO,16999,17999,5,4.2,5187,342,8,128,50MP AI Dual Camera,,7000
"MOTOROLA Edge 70 Fusion (Pantone ORIENT BLUE, 256 GB)",MOTOROLA,34999,49999,30,4.3,1707,178,12,256,50MP + 13MP,32MP Front Camera,7000
"realme 15 Pro 5G (Velvet Green, 256 GB)",realme,31999,39999,20,4.4,5625,435,12,256,50MP + 50MP,50MP Front Camera,7000
"POCO M8 Charger in the Box (Glacial Blue, 128 GB)",POCO,19999,25999,23,4.3,1521,156,6,128,50MP Rear Camera,20MP Front Camera,5520
"MOTOROLA g37 power (PANTONE Capri, 128 GB)",MOTOROLA,19999,30499,34,4.3,4,1,4,128,50MP Rear Camera,8MP Front Camera,7000
"Apple iPhone 16 (Ultramarine, 128 GB)",Apple,69900,,,4.6,193584,6827,,,48MP + 12MP,12MP Front Camera,
"Nothing Phone (4a) Pro (Silver, 256 GB)",Nothing,55999,,,4.6,937,110,12,256,50MP + 50MP + 8MP,32MP Front Camera,5400
"OPPO K13 Turbo 5G (Midnight Maverick, 128 GB)",OPPO,27999,33999,17,4.4,8306,593,8,128,50MP + 2MP,16MP Front Camera,7000
"OPPO K13 Turbo 5G (Midnight Maverick, 256 GB)",OPPO,29999,35999,16,4.4,8306,593,8,256,50MP + 2MP,16MP Front Camera,7000
"OnePlus Nord CE6 Lite (Vivid Mint, 128 GB)",OnePlus,23647,31999,26,3.8,73,7,6,128,50MP Rear Camera,50MP Front Camera,7000
"POCO X8 Pro Charger in the Box (White, 256 GB)",POCO,34999,50999,31,4.3,1661,325,8,256,50MP + 8MP,20MP Front Camera,6500
"realme P4x 5G (Lake Green, 128 GB)",realme,22499,23499,4,4.3,5477,422,8,128,50MP + 2MP,8MP Front Camera,7000
"Samsung Galaxy S25 5G (Icyblue, 256 GB)",Samsung,80999,,,4.6,3544,405,12,256,50MP + 10MP + 12MP,12MP Front Camera,4000
"Nothing Phone (4a) Pro (Black, 256 GB)",Nothing,55999,,,4.6,937,110,12,256,50MP + 50MP + 8MP,32MP Front Camera,5400
"MOTOROLA Razr 60 (PANTONE Spring Bud, 256 GB)",MOTOROLA,49999,54999,9,4.4,2378,167,8,256,50MP + 13MP,32MP Front Camera,4500
"Infinix Note 50s 5G+ (Marine Drift, 128 GB)",Infinix,19999,,,4.3,10956,723,6,128,64MP + 2MP,13MP Front Camera,5500
"realme P3 Ultra 5G (Neptune Blue, 256 GB)",realme,28999,33999,14,4.4,20809,2045,8,256,50MP + 8MP,16MP Front Camera,6000
"IQOO Z11x 5G (Prismatic Green, 128 GB)",IQOO,23161,30999,25,4.4,780,72,8,128,50MP Rear Camera,,7200
"Nothing Phone (4a) Snapdragon (Black, 128 GB)",Nothing,37999,40999,7,4.4,4214,447,8,128,50MP + 50MP + 8MP,32MP Front Camera,5400
"Samsung Galaxy M56 5G (Light Green, 128 GB)",Samsung,24885,30999,19,4.4,2330,170,8,128,50MP + 50MP + 8MP,12MP + 2MP Dual Front Camera,5000
"Samsung Galaxy A17 5G Charger in the Box (Blue, 128 GB)",Samsung,19499,21999,11,4.3,1188,86,6,128,50MP + 5MP + 2MP,13MP Front Camera,5000
"realme GT 7T (IceSense Black, 256 GB)",realme,33999,42999,20,4.4,906,91,12,256,50MP + 8MP,32MP Front Camera,7000
"Apple iPhone 16 Plus (Teal, 128 GB)",Apple,79900,,,4.6,4059,250,,,48MP + 12MP,12MP Front Camera,
"IQOO Z10 Lite 5G (Cyber Green, 128 GB)",IQOO,15699,16999,7,4.2,3239,143,4,128,50MP Rear Camera,,6000
"Samsung Galaxy M56 5G (Light Green, 128 GB)",Samsung,24885,30999,19,4.4,2330,170,8,128,50MP + 50MP + 8MP,12MP + 2MP Dual Front Camera,5000
"IQOO Z10 Lite 5G (Cyber Green, 128 GB)",IQOO,15699,16999,7,4.2,3239,143,4,128,50MP Rear Camera,,6000
"Ai+ Nova 2 Ultra 5G (Black, 128 GB)",Ai+,22999,26999,14,4.3,284,117,8,128,50MP + 8MP,13MP Front Camera,6000
"IQOO Z10R 5G (Aquamarine, 256 GB)",IQOO,27666,27999,1,4.4,5328,318,8,256,50MP Rear Camera,,5700
"Samsung M36 5G (Light Green, 256 GB)",Samsung,26901,29999,10,4.1,849,59,8,256,50MP Rear Camera,,5000
"MOTOROLA Edge 60 Pro (Pantone Walnut, 256 GB)",MOTOROLA,29999,36999,18,4.3,51272,3850,8,256,50MP + 50MP + 10MP,50MP Front Camera,6000
"Samsung Galaxy S26 5G (Black, 512 GB)",Samsung,107999,,,4.6,308,99,12,512,50MP + 12MP,12MP Front Camera,4300
"Samsung Galaxy S26 5G (Sky Blue, 512 GB)",Samsung,107999,,,4.6,308,99,12,512,50MP + 12MP,12MP Front Camera,4300
"Samsung Galaxy S26 5G (Sky Blue, 256 GB)",Samsung,87999,,,4.6,308,99,12,256,50MP + 12MP,12MP Front Camera,4300
"Samsung Galaxy S26 5G (Black, 256 GB)",Samsung,87999,,,4.6,308,99,12,256,50MP + 12MP,12MP Front Camera,4300
"Samsung Galaxy S26 5G (White, 512 GB)",Samsung,107999,,,4.6,308,99,12,512,50MP + 12MP,12MP Front Camera,4300
"Samsung Galaxy S26 5G (Cobalt Violet, 256 GB)",Samsung,87999,,,4.6,308,99,12,256,50MP + 12MP,12MP Front Camera,4300
"Infinix Note 50s 5G+ (Titanium Grey, 128 GB)",Infinix,19999,,,4.3,10956,723,6,128,64MP + 2MP,13MP Front Camera,5500
"REDMI A7 (Blue, 64 GB)",REDMI,11499,14999,23,3.9,36,1,3,64,13MP Rear Camera,8MP Front Camera,5200
"Samsung Galaxy A17 5G (Gray, 256 GB)",Samsung,25499,,,4.3,1169,93,8,256,50MP + 5MP + 2MP,13MP Front Camera,5000
"IQOO Z11x 5G (Prismatic Green, 256 GB)",IQOO,27958,33999,17,4.4,780,72,8,256,50MP Rear Camera,,7200
"IQOO Z11x 5G (Titan Black, 256 GB)",IQOO,27989,33999,17,4.4,780,72,8,256,50MP Rear Camera,,7200
"Samsung Galaxy S25 5G (Mint, 256 GB)",Samsung,80999,,,4.6,3544,405,12,256,50MP + 10MP + 12MP,12MP Front Camera,4000
"realme 15 Pro 5G (Silk Purple, 256 GB)",realme,31999,39999,20,4.4,5625,435,12,256,50MP + 50MP,50MP Front Camera,7000
"Samsung Galaxy A17 5G (Blue, 128 GB)",Samsung,22499,,,4.3,1169,93,8,128,50MP + 5MP + 2MP,13MP Front Camera,5000
"MOTOROLA Signature (PANTONE Carbon, 1 TB)",MOTOROLA,67499,84999,20,4.5,572,95,16,,50MP + 50MP + 50MP,50MP Front Camera,5200
"realme P4x 5G (Matte Silver, 128 GB)",realme,22499,23499,4,4.3,5477,422,8,128,50MP + 2MP,8MP Front Camera,7000
"Samsung M36 5G (Orange Haze / Orange, 128 GB)",Samsung,22999,29999,23,4.1,849,59,8,128,50MP Rear Camera,,5000
"POCO C75 5G (Enchanted Green, 64 GB)",POCO,10999,,,4.2,150025,6816,4,64,50MP Rear Camera,5MP Front Camera,5160
"REDMI 15A (Amaze Purple, 128 GB)",REDMI,15999,17999,11,3.9,276,23,4,128,32MP Rear Camera,8MP Front Camera,6300
"MOTOROLA Signature (PANTONE Carbon, 1 TB)",MOTOROLA,67499,84999,20,4.5,572,95,16,,50MP + 50MP + 50MP,50MP Front Camera,5200
"POCO C81 (Sunset Gold, 64 GB)",POCO,11999,19999,40,3.7,72,6,4,64,13MP Rear Camera,8MP Front Camera,6300
"MOTOROLA g06 power (Pantone tapestry, 64 GB)",MOTOROLA,15999,19999,20,4.2,17454,1029,4,64,50MP Rear Camera,8MP Front Camera,7000
"OPPO K13 Turbo Pro 5G (Purple Phantom, 256 GB)",OPPO,33999,44999,24,4.5,557,52,12,256,50MP + 2MP,16MP Front Camera,7000
"OPPO Reno15 5G (Aurora Blue, 256 GB)",OPPO,47999,49999,4,4.5,681,70,8,256,50MP + 50MP + 8MP,Yes,6500
"MOTOROLA Signature (PANTONE Martini Olive, 512 GB)",MOTOROLA,62499,79999,21,4.5,572,95,16,512,50MP + 50MP + 50MP,50MP Front Camera,5200
"Samsung Galaxy F16 5G (Vibing Blue, 128 GB)",Samsung,13999,17499,20,4.2,10485,662,6,128,50MP + 5MP + 2MP,13MP Front Camera,5000
"POCO C75 5G (Aqua Bliss, 64 GB)",POCO,10999,,,4.2,150025,6816,4,64,50MP Rear Camera,5MP Front Camera,5160
"MOTOROLA Edge 70 (PANTONE Bronze Green, 256 GB)",MOTOROLA,29999,34999,14,4.4,3963,396,8,256,50MP + 50MP,50MP Front Camera,5000
"POCO M8 Charger in the Box (Carbon Black, 128 GB)",POCO,19999,25999,23,4.3,1521,156,6,128,50MP Rear Camera,20MP Front Camera,5520
"MOTOROLA Edge 70 (PANTONE Lily Pad, 256 GB)",MOTOROLA,29999,34999,14,4.4,3963,396,8,256,50MP + 50MP,50MP Front Camera,5000
"vivo Y21 5G (Midnight Blue, 128 GB)",vivo,18999,32999,42,4,21,2,4,128,50MP + 0.08MP,5MP Front Camera,6500
"Samsung Galaxy M06 5G (Blazing Black, 64 GB)",Samsung,11948,12499,4,4.1,663,41,4,64,50MP Rear Camera,,5000
"realme 14 Pro+ 5G (Pearl White, 256 GB)",realme,31999,35999,11,4.4,21823,2441,8,256,50MP + 50MP + 8MP,32MP Front Camera,6000
"Nothing Phone (4a) (White, 128 GB)",Nothing,37999,40999,7,4.4,4214,447,8,128,50MP + 50MP + 8MP,32MP Front Camera,5400
"OPPO K13 Turbo Pro 5G (Midnight Maverick, 256 GB)",OPPO,31999,41999,23,4.4,314,26,8,256,50MP + 2MP,16MP Front Camera,7000
"realme GT 7T (IceSense Black, 512 GB)",realme,35999,46999,23,4.4,906,91,12,512,50MP + 8MP,32MP Front Camera,7000
"REDMI 15 5G (Sandy Purple, 256 GB)",REDMI,24499,24999,2,4.3,4298,212,8,256,50MP Rear Camera,,7000
"REDMI 15 5G (Frosted White, 256 GB)",REDMI,24495,24999,2,4.3,4298,212,8,256,50MP Rear Camera,,7000
"realme P4 5G (Forge Red, 128 GB)",realme,20999,,,4.4,21424,1452,6,128,50MP + 8MP,16MP Front Camera,7000
"realme P4 5G (Steel Grey, 128 GB)",realme,21999,,,4.4,18347,1303,8,128,50MP + 8MP,16MP Front Camera,7000
"Samsung Galaxy F70e 5G (Spotlight Blue, 128 GB)",Samsung,17499,18999,7,4.2,2127,200,6,128,50MP + 2MP,8MP Front Camera,6000
"IQOO 15R 5G (Triumph Silver, 256 GB)",IQOO,51470,56999,9,4.6,98,12,12,256,50MP Rear Camera,,7600
"realme P4 Lite (Sea Blue, 128 GB)",realme,13999,,,4.1,2507,145,4,128,13MP Rear Camera,5MP Front Camera,6300
"REDMI Note 15 SE 5G (Carbon Black, 256 GB)",REDMI,26999,37999,28,4.3,914,107,8,256,50MP Rear Camera,20MP Front Camera,5800
"Tecno Pova Slim 5G (Sky Blue, 128 GB)",Tecno,20999,24999,16,4.3,1216,85,8,128,50MP + 2MP,13MP Front Camera,5160
"Samsung Galaxy A36 5G (Awesome Lavender, 256 GB)",Samsung,31400,38999,19,4.3,2249,178,8,256,50MP + 8MP,12MP Front Camera,5000
"Samsung Galaxy A06 5G (Black, 128 GB)",Samsung,15999,18499,13,4.1,160,10,6,128,50MP + 2MP,8MP Front Camera,5000
"OnePlus Nord CE6 (Lunar Pearl, 256 GB)",OnePlus,36198,43999,17,4.3,49,5,8,256,50MP Rear Camera,2MP Front Camera,8000
"OnePlus Nord CE6 (Fresh Blue, 128 GB)",OnePlus,33095,40999,19,4.3,49,5,8,128,50MP Rear Camera,2MP Front Camera,8000
"Samsung Galaxy S25 FE 5G (White, 256 GB)",Samsung,65999,,,4.6,1280,128,8,256,50MP + 12MP + 8MP,12MP Front Camera,4900
"Infinix GT 30 5G+ Blade White 128 (Blade White, 128 GB)",Infinix,21999,24999,12,4.4,181,13,8,128,64MP + 8MP,13MP Front Camera,5500
"MOTOROLA edge 70 pro (Marble - PANTONE Lily white (white), 256 GB)",MOTOROLA,39999,51999,23,4.4,153,23,8,256,50MP + 50MP,50MP Front Camera,6500
"Samsung Galaxy A06 5G (Black, 64 GB)",Samsung,12290,13999,12,4.1,3656,236,4,64,50MP + 2MP,8MP Front Camera,5000
"OnePlus Nord CE6 (Pitch Black, 128 GB)",OnePlus,32999,40999,19,4.3,49,5,8,128,50MP Rear Camera,2MP Front Camera,8000
"POCO C71 (Cool Blue, 64 GB)",POCO,8999,,,3.8,61157,2776,4,64,32MP Rear Camera,8MP Front Camera,5200
"POCO C61 (Ethereal Blue, 64 GB)",POCO,7499,8999,16,4.1,112371,4633,4,64,8MP Rear Camera,5MP Front Camera,5000
"POCO C75 5G (Aqua Bliss, 128 GB)",POCO,11499,,,4.2,150025,6816,4,128,50MP Rear Camera,5MP Front Camera,5160
"POCO C71 (Desert Gold, 64 GB)",POCO,8999,,,3.8,61157,2776,4,64,32MP Rear Camera,8MP Front Camera,5200
"Apple iPhone 14 (Blue, 128 GB)",Apple,54900,,,4.6,284400,11307,,,12MP + 12MP,12MP Front Camera,
"POCO C75 5G (Aqua Bliss, 64 GB)",POCO,10999,,,4.2,150025,6816,4,64,50MP Rear Camera,5MP Front Camera,5160
"POCO C71  - Locked with Airtel Prepaid (Cool Blue, 64 GB)",POCO,8999,,,3.8,61157,2776,4,64,32MP Rear Camera,8MP Front Camera,5200
"POCO C61 (Mystical Green, 64 GB)",POCO,7499,8999,16,4.1,112371,4633,4,64,8MP Rear Camera,5MP Front Camera,5000
"POCO M6 5G (Orion Blue, 64 GB)",POCO,8999,11999,25,4.1,141836,7199,4,64,50MP Rear Camera,5MP Front Camera,5000
"POCO C61 (Mystical Green, 64 GB)",POCO,6780,8999,24,4.1,112371,4633,4,64,8MP Rear Camera,5MP Front Camera,5000
"MOTOROLA g24 Power (Ink blue, 128 GB)",MOTOROLA,10999,12999,15,4.2,13035,888,8,128,50MP + 2MP,16MP Front Camera,6000
"POCO C65 (Pastel Blue, 128 GB)",POCO,8499,10999,22,4.3,103344,4978,4,128,50MP + AI Lens + 2MP,8MP Front Camera,5000
"POCO C71 (Cool Blue, 128 GB)",POCO,9999,,,4.1,36600,1744,6,128,32MP Rear Camera,8MP Front Camera,5200
"POCO C75 5G (Silver Stardust, 128 GB)",POCO,11499,,,4.2,150025,6816,4,128,50MP Rear Camera,5MP Front Camera,5160
"MOTOROLA g35 5G (Midnight Black, 128 GB)",MOTOROLA,13999,15499,9,4.2,15182,829,8,128,50MP + 8MP,16MP Front Camera,5000
"Motorola G34 5G (Ice Blue, 128 GB)",Motorola,14999,,,4.2,143271,9785,8,128,50MP + 2MP,16MP Front Camera,5000
"POCO C65 (Pastel Green, 128 GB)",POCO,8499,10999,22,4.3,103344,4978,4,128,50MP + AI Lens + 2MP,8MP Front Camera,5000
"POCO C61  - Locked with Airtel Prepaid (Ethereal Blue, 64 GB)",POCO,7499,8999,16,4.1,112371,4633,4,64,8MP Rear Camera,5MP Front Camera,5000
"vivo T4x 5G (Marine Blue, 128 GB)",vivo,18999,19499,2,4.4,139912,7438,8,128,50MP + 2MP,8MP Front Camera,6500
"MOTOROLA g24 Power (Glacier Blue, 128 GB)",MOTOROLA,10999,12999,15,4.2,13035,888,8,128,50MP + 2MP,16MP Front Camera,6000
"POCO C75 5G (Enchanted Green, 128 GB)",POCO,11499,,,4.2,150025,6816,4,128,50MP Rear Camera,5MP Front Camera,5160
"Apple iPhone 14 (Starlight, 128 GB)",Apple,54900,,,4.6,284400,11307,,,12MP + 12MP,12MP Front Camera,
"MOTOROLA g24 Power (Glacier Blue, 128 GB)",MOTOROLA,9999,11999,16,4.2,15474,1119,4,128,50MP + 2MP,16MP Front Camera,6000
"Motorola g45 5G (Pantone Moss, 128 GB)",Motorola,11999,14999,20,4.3,230227,12043,8,128,50MP + 2MP,16MP Front Camera,5000
"POCO C61 (Ethereal Blue, 64 GB)",POCO,6890,8999,23,4.1,112371,4633,4,64,8MP Rear Camera,5MP Front Camera,5000
"POCO C61 (Diamond Dust Black, 64 GB)",POCO,7499,8999,16,4.1,112371,4633,4,64,8MP Rear Camera,5MP Front Camera,5000
"POCO C71  - Locked with Airtel Prepaid (Power Black, 64 GB)",POCO,8999,,,3.8,61157,2776,4,64,32MP Rear Camera,8MP Front Camera,5200
"CMF by Nothing Phone 1 (Light Green, 128 GB)",CMF,15999,19999,20,4.4,75355,5405,6,128,50MP + 2MP,16MP Front Camera,5000
"POCO M6 5G (Galactic Black, 64 GB)",POCO,8999,11999,25,4.1,141836,7199,4,64,50MP Rear Camera,5MP Front Camera,5000
"Infinix SMART 10 (Twilight Gold, 64 GB)",Infinix,11999,,,4.3,1148,74,4,64,8MP Rear Camera,8MP Front Camera,5000
"Motorola G34 5G (Charcoal Black, 128 GB)",Motorola,14999,,,4.2,143271,9785,8,128,50MP + 2MP,16MP Front Camera,5000
"vivo T4 Lite 5G Charger in the Box (Titanium Gold, 128 GB)",vivo,14999,,,4.3,48958,1827,6,128,50MP + 2MP,5MP Front Camera,6000
"POCO M6 5G (Polaris Green, 64 GB)",POCO,8999,11999,25,4.1,141836,7199,4,64,50MP Rear Camera,5MP Front Camera,5000
"CMF by Nothing Phone 1 (Light Green, 128 GB)",CMF,17999,21999,18,4.4,24861,1732,8,128,50MP + 2MP,16MP Front Camera,5000
"POCO C61 (Ethereal Blue, 128 GB)",POCO,8499,9999,15,4.2,8814,318,6,128,8MP Rear Camera,5MP Front Camera,5000
"MOTOROLA g35 5G (Leaf Green, 128 GB)",MOTOROLA,13999,15499,9,4.2,15182,829,8,128,50MP + 8MP,16MP Front Camera,5000
"MOTOROLA G04 (Sea Green, 128 GB)",MOTOROLA,7999,10999,27,4.1,7264,523,8,128,16MP Rear Camera,5MP Front Camera,5000
"Infinix SMART 10 (Sleek Black, 64 GB)",Infinix,11999,,,4.3,1148,74,4,64,8MP Rear Camera,8MP Front Camera,5000
"POCO C51 - Locked with Airtel Prepaid (Royal Blue, 64 GB)",POCO,8499,9999,15,4,226809,12047,4,64,8MP Dual Rear Camera,5MP Front Camera,5000
"POCO C71 (Power Black, 64 GB)",POCO,8999,,,3.8,61157,2776,4,64,32MP Rear Camera,8MP Front Camera,5200
"POCO C61  - Locked with Airtel Prepaid (Diamond Dust Black, 64 GB)",POCO,7499,8999,16,4.1,112371,4633,4,64,8MP Rear Camera,5MP Front Camera,5000
"MOTOROLA g35 5G (Midnight Black, 128 GB)",MOTOROLA,12499,,,4.2,137509,8536,4,128,50MP + 8MP,16MP Front Camera,5000
"CMF by Nothing Phone 1 (Orange, 128 GB)",CMF,15999,19999,20,4.4,75355,5405,6,128,50MP + 2MP,16MP Front Camera,5000
"Samsung Galaxy F06 5G (Bahama Blue, 128 GB)",Samsung,15499,,,4.2,24550,1681,6,128,50MP + 2MP,8MP Front Camera,5000
"Infinix SMART 10 (Titanium Silver, 64 GB)",Infinix,11999,,,4.3,1148,74,4,64,8MP Rear Camera,8MP Front Camera,5000
"MOTOROLA g05 (Forest Green, 64 GB)",MOTOROLA,7299,9999,27,4.2,81860,4858,4,64,50MP Rear Camera,8MP Front Camera,5100
"Motorola g45 5G (Brilliant Green, 128 GB)",Motorola,11999,14999,20,4.3,230227,12043,8,128,50MP + 2MP,16MP Front Camera,5000
"Infinix SMART 10 (Iris Blue, 64 GB)",Infinix,11999,,,4.3,1148,74,4,64,8MP Rear Camera,8MP Front Camera,5000
"Motorola g45 5G (Brilliant Blue, 128 GB)",Motorola,11999,14999,20,4.3,230227,12043,8,128,50MP + 2MP,16MP Front Camera,5000
"vivo T4x 5G (Marine Blue, 256 GB)",vivo,20999,,,4.4,139912,7438,8,256,50MP + 2MP,8MP Front Camera,6500
"vivo T4 Lite 5G Charger in the Box (Titanium Gold, 64 GB)",vivo,12999,,,4.3,35507,1288,4,64,50MP + 2MP,5MP Front Camera,6000
"MOTOROLA g24 Power (Ink blue, 128 GB)",MOTOROLA,9999,11999,16,4.2,15474,1119,4,128,50MP + 2MP,16MP Front Camera,6000
"Infinix Smart 8 Plus (Timber Black, 128 GB)",Infinix,7799,9999,22,4.3,13190,789,4,128,50MP + AI Lens,8MP Front Camera,6000
"Samsung Galaxy F05 (Twilight Blue, 64 GB)",Samsung,6499,9999,35,4.2,78049,4245,4,64,50MP + 2MP,8MP Front Camera,5000
"POCO M7 5G - Locked with Airtel Prepaid (Ocean Blue, 128 GB)",POCO,12999,,,3.7,10308,491,6,128,50MP Rear Camera,8MP Front Camera,5160
"Motorola G34 5G (Ice Blue, 128 GB)",Motorola,11999,13999,14,4.2,49709,3539,4,128,50MP + 2MP,16MP Front Camera,5000
"MOTOROLA g06 power (Pantone Laurel Oak, 64 GB)",MOTOROLA,15999,19999,20,4.2,17454,1029,4,64,50MP Rear Camera,8MP Front Camera,7000
"CMF by Nothing Phone 1 (Orange, 128 GB)",CMF,17999,21999,18,4.4,24861,1732,8,128,50MP + 2MP,16MP Front Camera,5000
"Infinix SMART 8 (Rainbow Blue, 128 GB)",Infinix,8999,10999,18,4.2,10498,618,8,128,50MP + AI Lens,8MP Front Camera,5000
"Infinix Smart 8 Plus (Galaxy White, 128 GB)",Infinix,7799,9999,22,4.3,13190,789,4,128,50MP + AI Lens,8MP Front Camera,6000
"POCO M7 5G - Locked with Airtel Prepaid (Ocean Blue, 128 GB)",POCO,12999,,,3.7,10308,491,6,128,50MP Rear Camera,8MP Front Camera,5160
"Motorola G34 5G (Ice Blue, 128 GB)",Motorola,11999,13999,14,4.2,49709,3539,4,128,50MP + 2MP,16MP Front Camera,5000
"MOTOROLA g06 power (Pantone Laurel Oak, 64 GB)",MOTOROLA,15999,19999,20,4.2,17454,1029,4,64,50MP Rear Camera,8MP Front Camera,7000
"CMF by Nothing Phone 1 (Orange, 128 GB)",CMF,17999,21999,18,4.4,24861,1732,8,128,50MP + 2MP,16MP Front Camera,5000
"vivo T4x 5G (Pronto Purple, 256 GB)",vivo,20999,,,4.4,139912,7438,8,256,50MP + 2MP,8MP Front Camera,6500
"Infinix SMART 8 (Rainbow Blue, 128 GB)",Infinix,8999,10999,18,4.2,10498,618,8,128,50MP + AI Lens,8MP Front Camera,5000
"Infinix Smart 8 Plus (Galaxy White, 128 GB)",Infinix,7799,9999,22,4.3,13190,789,4,128,50MP + AI Lens,8MP Front Camera,6000
"Samsung Galaxy F06 5G (Bahama Blue, 128 GB)",Samsung,13999,,,4.2,45989,2938,4,128,50MP + 2MP,8MP Front Camera,5000
"Infinix SMART 8 (Galaxy White, 64 GB)",Infinix,7299,8999,18,4.3,30971,1848,4,64,50MP + AI Lens,8MP Front Camera,5000
"Motorola g45 5G (Brilliant Green, 128 GB)",Motorola,10999,12999,15,4.3,51756,3031,4,128,50MP + 2MP,16MP Front Camera,5000
"POCO M6 5G - Locked with Airtel Prepaid (Orion Blue, 128 GB)",POCO,10499,12999,19,4.1,141836,7199,4,128,50MP Rear Camera,5MP Front Camera,5000
"Motorola Edge 50 Fusion (Marshmallow Blue, 128 GB)",Motorola,18999,25999,26,4.4,127205,8710,8,128,50MP + 13MP,32MP Front Camera,5000
"Samsung Galaxy F16 5G (Glam Green, 128 GB)",Samsung,13999,17499,20,4.2,10485,662,6,128,50MP + 5MP + 2MP,13MP Front Camera,5000
"Infinix Smart 8 Plus (Shiny Gold, 128 GB)",Infinix,7799,9999,22,4.3,13190,789,4,128,50MP + AI Lens,8MP Front Camera,6000
"Motorola g45 5G (Pink Lavender, 128 GB)",Motorola,11999,14999,20,4.3,230227,12043,8,128,50MP + 2MP,16MP Front Camera,5000
"CMF by Nothing Phone 1 (Blue, 128 GB)",CMF,15999,19999,20,4.4,75355,5405,6,128,50MP + 2MP,16MP Front Camera,5000
"vivo T4 Lite 5G Charger in the Box (Titanium Gold, 256 GB)",vivo,16999,,,4.3,22265,1076,8,256,50MP + 2MP,5MP Front Camera,6000
"vivo T4x 5G (Glacial Teal, 128 GB)",vivo,18999,19499,2,4.4,139912,7438,8,128,50MP + 2MP,8MP Front Camera,6500
"Motorola Edge 50 Fusion (Marshmallow Blue, 256 GB)",Motorola,20999,27999,25,4.4,156834,11178,12,256,50MP + 13MP,32MP Front Camera,5000
"POCO C55 (Cool Blue, 128 GB)",POCO,7999,13999,42,4.2,143179,8203,6,128,50MP Dual Rear Camera,5MP Front Camera,5000
"Motorola g45 5G (Viva Magenta, 128 GB)",Motorola,11999,14999,20,4.3,230227,12043,8,128,50MP + 2MP,16MP Front Camera,5000
"POCO M6 Pro 5G (Power Black, 128 GB)",POCO,12999,16999,23,4.2,134017,8428,6,128,50MP + 2MP,8MP Front Camera,5000
"POCO C71 (Power Black, 128 GB)",POCO,9999,,,4.1,36600,1744,6,128,32MP Rear Camera,8MP Front Camera,5200
"POCO M6 5G (Orion Blue, 64 GB)",POCO,11899,11999,,4.1,141836,7199,4,64,50MP Rear Camera,5MP Front Camera,5000
"Motorola G34 5G (Ocean Green, 128 GB)",Motorola,11999,13999,14,4.2,49709,3539,4,128,50MP + 2MP,16MP Front Camera,5000
"REDMI 13C (Starfrost White, 128 GB)",REDMI,8999,11999,25,4.3,85662,3644,4,128,50MP Rear Camera,8MP Front Camera,5000
"vivo T4 Lite 5G Charger in the Box (Prism Blue, 128 GB)",vivo,14999,,,4.3,48958,1827,6,128,50MP + 2MP,5MP Front Camera,6000
"MOTOROLA G04 (Concord Black, 128 GB)",MOTOROLA,10999,,,4.1,7264,523,8,128,16MP Rear Camera,5MP Front Camera,5000
"realme C61 (Safari Green, 64 GB)",realme,7249,8999,19,4.3,37840,1427,4,64,32MP Rear Camera,5MP Front Camera,5000
"Motorola G34 5G (Charcoal Black, 128 GB)",Motorola,11999,13999,14,4.2,49709,3539,4,128,50MP + 2MP,16MP Front Camera,5000
"POCO C51 (Royal Blue, 64 GB)",POCO,8499,9999,15,4,226809,12047,4,64,8MP Dual Rear Camera,5MP Front Camera,5000
"MOTOROLA g35 5G (Guava Red, 128 GB)",MOTOROLA,13999,15499,9,4.2,15182,829,8,128,50MP + 8MP,16MP Front Camera,5000
"CMF by Nothing Phone 1 (Blue, 128 GB)",CMF,17999,21999,18,4.4,24861,1732,8,128,50MP + 2MP,16MP Front Camera,5000
"vivo T4 Lite 5G Charger in the Box (Prism Blue, 128 GB)",vivo,13999,,,4.3,35507,1288,4,128,50MP + 2MP,5MP Front Camera,6000
"Infinix SMART 8 (Shiny Gold, 128 GB)",Infinix,8999,10999,18,4.2,10498,618,8,128,50MP + AI Lens,8MP Front Camera,5000
"Infinix SMART 8 (Shiny Gold, 64 GB)",Infinix,7299,8999,18,4.3,30971,1848,4,64,50MP + AI Lens,8MP Front Camera,5000
"vivo T4x 5G (Glacial Teal, 128 GB)",vivo,16999,17999,5,4.4,176013,8849,6,128,50MP + 2MP,8MP Front Camera,6500
"Samsung Galaxy F06 5G (Bahama Blue, 64 GB)",Samsung,12499,,,4.2,45989,2938,4,64,50MP + 2MP,8MP Front Camera,5000
"Infinix SMART 8 (Galaxy White, 128 GB)",Infinix,8999,10999,18,4.2,10498,618,8,128,50MP + AI Lens,8MP Front Camera,5000
"realme C85 5G (Peacock Green, 128.0 GB)",realme,16499,,,4.3,190,12,4,0,50MP Rear Camera,8MP Front Camera,7000
"Infinix SMART 8 (Black, 64 GB)",Infinix,7299,8999,18,4.3,30971,1848,4,64,50MP + AI Lens,8MP Front Camera,5000
"Samsung Galaxy F16 5G (Glam Green, 128 GB)",Samsung,15499,18999,18,4.2,3693,239,8,128,50MP + 5MP + 2MP,13MP Front Camera,5000
"POCO M7 5G  - Locked with Airtel Prepaid (Mint Green, 128 GB)",POCO,12999,,,4.1,77611,3725,6,128,50MP Rear Camera,8MP Front Camera,5160
"POCO M6 5G - Locked with Airtel Prepaid (Galactic Black, 128 GB)",POCO,10499,12999,19,4.1,141836,7199,4,128,50MP Rear Camera,5MP Front Camera,5000
"Infinix Note 40X 5G (Lime Green, 256 GB)",Infinix,14999,19999,25,4.3,5347,329,8,256,108MP + 2MP + AI Lens,8MP Front Camera,5000
"POCO M8 Charger in the Box (Glacial Blue, 128 GB)",POCO,21999,27999,21,4.3,1291,124,8,128,50MP Rear Camera,20MP Front Camera,5520
"MOTOROLA Edge 60 Fusion 5G (PANTONE Slipstream, 256 GB)",MOTOROLA,24999,25999,3,4.4,120468,7120,8,256,50MP + 13MP,32MP Front Camera,5500
"Samsung M05 (Mint Green, 64 GB)",Samsung,6704,9999,32,4.3,4217,168,4,64,50MP Rear Camera,,5000
"Samsung Galaxy F06 5G (Bahama Blue, 64 GB)",Samsung,12499,,,4.2,45989,2938,4,64,50MP + 2MP,8MP Front Camera,5000
"Motorola g04s (Satin Blue, 64 GB)",Motorola,9999,,,4.2,30450,1624,4,64,50MP Rear Camera,5MP Front Camera,5000
"POCO M8 Charger in the Box (Glacial Blue, 128 GB)",POCO,21999,27999,21,4.3,1291,124,8,128,50MP Rear Camera,20MP Front Camera,5520
"MOTOROLA Edge 60 Fusion 5G (PANTONE Slipstream, 256 GB)",MOTOROLA,24999,25999,3,4.4,120468,7120,8,256,50MP + 13MP,32MP Front Camera,5500
"Samsung M05 (Mint Green, 64 GB)",Samsung,6704,9999,32,4.3,4217,168,4,64,50MP Rear Camera,,5000
"CMF by Nothing Phone 2 Pro (Black, 128 GB)",CMF,18999,22999,17,4.4,75792,5613,8,128,50MP + 50MP + 8MP,16MP Front Camera,5000
"Motorola G85 5G (Cobalt Blue, 128 GB)",Motorola,15999,20999,23,4.4,218358,12064,8,128,50MP + 8MP,32MP Front Camera,5000
"Samsung Galaxy F06 5G (Lit Violet, 128 GB)",Samsung,15499,,,4.2,24550,1681,6,128,50MP + 2MP,8MP Front Camera,5000
"POCO M6 5G - Locked with Airtel Prepaid (Galactic Black, 128 GB)",POCO,10499,12999,19,4.1,141836,7199,4,128,50MP Rear Camera,5MP Front Camera,5000
"realme C61 (Safari Green, 128 GB)",realme,8199,10999,25,4.3,18169,733,6,128,32MP Rear Camera,5MP Front Camera,5000
"vivo T4 Lite 5G Charger in the Box (Prism Blue, 64 GB)",vivo,12999,,,4.3,35507,1288,4,64,50MP + 2MP,5MP Front Camera,6000
Vivo T4 Lite 5G (Titanium Gold 2026) (4GB 128GB),Vivo,13999,28999,51,4.3,35507,1288,4,128,50MP + 2MP,5MP Front Camera,6000
"CMF by Nothing Phone 2 Pro (Light Green, 128 GB)",CMF,18999,22999,17,4.4,75792,5613,8,128,50MP + 50MP + 8MP,16MP Front Camera,5000
Vivo T4 Lite 5G (Titanium Gold 2026) (6GB 128GB),Vivo,14999,29999,50,4.3,48958,1827,6,128,50MP + 2MP,5MP Front Camera,6000
"vivo T4x 5G (Glacial Teal, 256 GB)",vivo,20999,,,4.4,139912,7438,8,256,50MP + 2MP,8MP Front Camera,6500
"POCO C65 (Matte Black, 128 GB)",POCO,8499,10999,22,4.3,103344,4978,4,128,50MP + AI Lens + 2MP,8MP Front Camera,5000
"realme C61 (Marble Black, 128 GB)",realme,8499,9999,15,4.3,37840,1427,4,128,32MP Rear Camera,5MP Front Camera,5000
"Samsung Galaxy F06 5G (Lit Violet, 128 GB)",Samsung,13999,,,4.2,45989,2938,4,128,50MP + 2MP,8MP Front Camera,5000
"vivo T3 Lite 5G (Vibrant Green, 128 GB)",vivo,11499,15499,25,4.3,86859,3313,6,128,50MP + 2MP,8MP Front Camera,5000
"Motorola G85 5G (Cobalt Blue, 256 GB)",Motorola,17999,22999,21,4.3,72542,4413,12,256,50MP + 8MP,32MP Front Camera,5000
"Samsung Galaxy F16 5G (Bling Black, 128 GB)",Samsung,13999,17499,20,4.2,10485,662,6,128,50MP + 5MP + 2MP,13MP Front Camera,5000
"Nothing Phone (2a) Plus (Grey, 256 GB)",Nothing,27999,29999,6,4.4,14860,1021,8,256,50MP + 50MP,50MP Front Camera,5000
"POCO C61 (Mystical Green, 128 GB)",POCO,8499,9999,15,4.2,8814,318,6,128,8MP Rear Camera,5MP Front Camera,5000
"POCO M7 5G  - Locked with Airtel Prepaid (Satin Black, 128 GB)",POCO,12999,,,4.1,77611,3725,6,128,50MP Rear Camera,8MP Front Camera,5160
"Motorola G85 5G (Urban Grey, 128 GB)",Motorola,15999,20999,23,4.4,218358,12064,8,128,50MP + 8MP,32MP Front Camera,5000
"REDMI 13C (Starshine Green, 128 GB)",REDMI,8999,11999,25,4.3,85662,3644,4,128,50MP Rear Camera,8MP Front Camera,5000
"Infinix Note 40X 5G (Palm Blue, 256 GB)",Infinix,15999,21999,27,4.2,32452,2243,12,256,108MP + 2MP + AI Lens,8MP Front Camera,5000
"Motorola g64 5G (Berry Red, 128 GB)",Motorola,13999,17999,22,4.2,61384,3752,8,128,50MP (OIS) + 8MP,16MP Front Camera,6000
"Infinix Hot 50 5G (Sleek Black, 128 GB)",Infinix,10999,14999,26,4.3,17631,1300,8,128,48MP + Depth Sensor,8MP Front Camera,5000
"vivo T4 Lite 5G Charger in the Box (Prism Blue, 256 GB)",vivo,16999,,,4.3,22265,1076,8,256,50MP + 2MP,5MP Front Camera,6000
"MOTOROLA g05 (Plum Red, 64 GB)",MOTOROLA,7299,9999,27,4.2,81860,4858,4,64,50MP Rear Camera,8MP Front Camera,5100
"Motorola e13 (Aurora Green, 128 GB)",Motorola,,,,4.1,36029,1985,8,128,13MP Rear Camera,5MP Front Camera,5000
"Motorola g45 5G (Pink Lavender, 128 GB)",Motorola,10999,12999,15,4.3,51756,3031,4,128,50MP + 2MP,16MP Front Camera,5000
"OnePlus Nord CE 3 Lite 5G (Pastel Lime, 128 GB)",OnePlus,,,,4.4,168541,8494,8,128,108MP Rear Camera,,5000
"Infinix Note 40 5G (Ttan Gold, 256 GB)",Infinix,19999,24999,20,4.2,12800,1173,8,256,108MP + 2MP + 2MP,32MP Front Camera,5000
"Motorola g14 (Sky Blue, 128 GB)",Motorola,9999,12999,23,4.1,51908,4076,4,128,50MP + 2MP,8MP Front Camera,5000
"MOTOROLA G04 (Sunrise Orange, 128 GB)",MOTOROLA,10999,,,4.1,7264,523,8,128,16MP Rear Camera,5MP Front Camera,5000
"Motorola g45 5G (Viva Magenta, 128 GB)",Motorola,10999,12999,15,4.3,51756,3031,4,128,50MP + 2MP,16MP Front Camera,5000
"realme C51 (Mint Green, 64 GB)",realme,8999,10999,18,4.3,79037,3442,4,64,50MP + 0.08MP,5MP Front Camera,5000
"POCO F7 5G (Frost White, 256 GB)",POCO,35999,,,4.4,22612,2237,12,256,50MP Rear Camera,20MP Front Camera,7550
"vivo T3 Lite 5G (Majestic Black, 128 GB)",vivo,10499,14499,27,4.3,55378,2102,4,128,50MP + 2MP,8MP Front Camera,5000
"Infinix Note 40 Pro 5G (Vintage Green, 256 GB)",Infinix,21999,27999,21,4.2,38005,2596,8,256,108MP (OIS) + 2MP + 2MP,32MP Front Camera,5000
"POCO F7 5G (Frost White, 512 GB)",POCO,37999,,,4.4,22612,2237,12,512,50MP Rear Camera,20MP Front Camera,7550
"vivo T3 Lite 5G (Majestic Black, 128 GB)",vivo,11499,15499,25,4.3,86859,3313,6,128,50MP + 2MP,8MP Front Camera,5000
"Nothing Phone (4a) (Blue, 128 GB)",Nothing,37999,40999,7,4.4,4214,447,8,128,50MP + 50MP + 8MP,32MP Front Camera,5400
"Motorola g04s (Concord Black, 64 GB)",Motorola,9999,,,4.2,30450,1624,4,64,50MP Rear Camera,5MP Front Camera,5000
"MOTOROLA g35 5G (Guava Red, 128 GB)",MOTOROLA,12499,,,4.2,137509,8536,4,128,50MP + 8MP,16MP Front Camera,5000
"Infinix HOT 60i 5G (Sleek Black, 128 GB)",Infinix,15999,,,4.3,1495,124,4,128,50MP Rear Camera,5MP Front Camera,6000
Vivo T4 Lite 5G (Titanium Gold 2026) (4GB 64GB),Vivo,12999,27999,53,4.3,35507,1288,4,64,50MP + 2MP,5MP Front Camera,6000
"POCO F7 5G (Frost White, 512 GB)",POCO,37999,,,4.4,22612,2237,12,512,50MP Rear Camera,20MP Front Camera,7550
"Motorola e13 (Aurora Green, 64 GB)",Motorola,10999,,,4.1,107162,7693,4,64,13MP Rear Camera,5MP Front Camera,5000
"Infinix HOT 60i 5G (Sleek Black, 128 GB)",Infinix,15999,,,4.3,1495,124,4,128,50MP Rear Camera,5MP Front Camera,6000
"vivo T3 Lite 5G (Majestic Black, 128 GB)",vivo,10499,14499,27,4.3,55378,2102,4,128,50MP + 2MP,8MP Front Camera,5000
Vivo T4 Lite 5G (Prism Blue 2026) ( 4GB 128GB),Vivo,13999,28999,51,4.3,35507,1288,4,128,50MP + 2MP,5MP Front Camera,6000
"POCO C61 (Diamond Dust Black, 64 GB)",POCO,6613,8999,26,4.1,112371,4633,4,64,8MP Rear Camera,5MP Front Camera,5000
"Motorola g04s (Concord Black, 64 GB)",Motorola,9999,,,4.2,30450,1624,4,64,50MP Rear Camera,5MP Front Camera,5000
"vivo T3 Lite 5G (Majestic Black, 128 GB)",vivo,11499,15499,25,4.3,86859,3313,6,128,50MP + 2MP,8MP Front Camera,5000
"MOTOROLA G04 (Concord Black, 64 GB)",MOTOROLA,6999,9999,30,4.2,16378,1020,4,64,16MP Rear Camera,5MP Front Camera,5000
"Samsung Galaxy F06 5G (Lit Violet, 64 GB)",Samsung,12499,14999,16,4.2,45989,2938,4,64,50MP + 2MP,8MP Front Camera,5000
"MOTOROLA g35 5G (Guava Red, 128 GB)",MOTOROLA,12499,,,4.2,137509,8536,4,128,50MP + 8MP,16MP Front Camera,5000
"CMF by Nothing Phone 2 Pro (Black, 256 GB)",CMF,20999,24999,16,4.4,75792,5613,8,256,50MP + 50MP + 8MP,16MP Front Camera,5000
"OnePlus Nord CE 3 Lite 5G (Chromatic Gray, 128 GB)",OnePlus,15699,19999,21,4.4,168541,8494,8,128,108MP Rear Camera,,5000
"POCO M6 5G (Polaris Green, 128 GB)",POCO,11499,13999,17,4.3,49237,2487,6,128,50MP Rear Camera,5MP Front Camera,5000
"POCO C55 (Cool Blue, 64 GB)",POCO,9499,11999,20,4.2,127518,7403,4,64,50MP Dual Rear Camera,5MP Front Camera,5000
"realme C61 (Marble Black, 128 GB)",realme,8199,10999,25,4.3,18169,733,6,128,32MP Rear Camera,5MP Front Camera,5000
"POCO C61 (Diamond Dust Black, 128 GB)",POCO,8499,9999,15,4.2,8814,318,6,128,8MP Rear Camera,5MP Front Camera,5000
"Apple iPhone 14 (Purple, 128 GB)",Apple,54900,,,4.6,284400,11307,,,12MP + 12MP,12MP Front Camera,
"Infinix HOT 60i 5G (Monsoon Green, 128 GB)",Infinix,15999,,,4.3,1495,124,4,128,50MP Rear Camera,5MP Front Camera,6000
"Apple iPhone 15 (Pink, 128 GB)",Apple,59900,,,4.6,245694,9251,,,48MP + 12MP,12MP Front Camera,
"CMF by Nothing Phone 2 Pro (Light Green, 256 GB)",CMF,20999,24999,16,4.4,75792,5613,8,256,50MP + 50MP + 8MP,16MP Front Camera,5000
"MOTOROLA G96 5G (Pantone Dresden Blue, 128 GB)",MOTOROLA,20999,,,4.4,89801,5025,8,128,50MP + 8MP,32MP Front Camera,5500
"Samsung Galaxy F16 5G (Vibing Blue, 128 GB)",Samsung,13999,17499,20,4.2,10485,662,6,128,50MP + 5MP + 2MP,13MP Front Camera,5000
"realme P4 5G (Steel Grey, 128 GB)",realme,21999,,,4.4,18347,1303,8,128,50MP + 8MP,16MP Front Camera,7000
"POCO F7 5G (Phantom Black, 512 GB)",POCO,37999,,,4.4,22612,2237,12,512,50MP Rear Camera,20MP Front Camera,7550
"POCO C51 (Royal Blue, 128 GB)",POCO,8999,10999,18,4.1,12736,606,6,128,8MP Rear Camera,5MP Front Camera,5000
"POCO M6 5G (Galactic Black, 64 GB)",POCO,9024,11999,24,4.1,141836,7199,4,64,50MP Rear Camera,5MP Front Camera,5000
"MOTOROLA G96 5G (Pantone Cattleya Orchid, 128 GB)",MOTOROLA,20999,,,4.4,89801,5025,8,128,50MP + 8MP,32MP Front Camera,5500
"MOTOROLA Signature (PANTONE Martini Olive, 512 GB)",MOTOROLA,62499,79999,21,4.5,572,95,16,512,50MP + 50MP + 50MP,50MP Front Camera,5200
"vivo T2x 5G (Marine Blue, 128 GB)",vivo,14999,20999,28,4.3,73011,4180,8,128,50MP + 2MP,8MP Front Camera,5000
"POCO M7 5G (Mint Green, 128 GB)",POCO,12499,12999,3,4.1,77611,3725,6,128,50MP Rear Camera,8MP Front Camera,5160
"vivo T4R 5G (Twilight Blue, 256 GB)",vivo,26999,,,4.4,5104,290,12,256,50MP (OIS) + 2MP,32MP Front Camera,5700
"Samsung Galaxy F16 5G (Vibing Blue, 128 GB)",Samsung,13999,17499,20,4.2,10485,662,6,128,50MP + 5MP + 2MP,13MP Front Camera,5000
"MOTOROLA Edge 60 Fusion 5G (PANTONE Mykonos Blue, 128 GB)",MOTOROLA,22999,24999,8,4.4,120468,7120,8,128,50MP + 13MP,32MP Front Camera,5500
"realme 12x 5G (Twilight Purple, 128 GB)",realme,12499,17999,30,4.4,94805,4645,6,128,50MP + 2MP,8MP Front Camera,5000
"Infinix SMART 9 HD (Neo Titanium, 64 GB)",Infinix,6699,8999,25,4.1,4419,266,3,64,13MP Rear Camera,8MP Front Camera,5000
"Samsung Galaxy A14 5G (Dark Red, 64 GB)",Samsung,11990,18499,35,4.2,46634,2191,4,64,50MP + 2MP + 2MP,13MP Front Camera,5000
"Motorola g04s (Sunrise Orange, 64 GB)",Motorola,9999,,,4.2,30450,1624,4,64,50MP Rear Camera,5MP Front Camera,5000
"realme P4 5G (Steel Grey, 128 GB)",realme,20999,,,4.4,21424,1452,6,128,50MP + 8MP,16MP Front Camera,7000
"vivo T2x 5G (Marine Blue, 128 GB)",vivo,12999,18999,31,4.4,397019,22040,6,128,50MP + 2MP,8MP Front Camera,5000
"MOTOROLA Signature (PANTONE Carbon, 512 GB)",MOTOROLA,62499,79999,21,4.5,572,95,16,512,50MP + 50MP + 50MP,50MP Front Camera,5200
"Samsung Galaxy A14 5G (Light Green, 128 GB)",Samsung,14400,22999,37,4.1,4272,310,8,128,50MP + 2MP + 2MP,13MP Front Camera,5000
"Samsung Galaxy F16 5G (Vibing Blue, 128 GB)",Samsung,15499,18999,18,4.2,3693,239,8,128,50MP + 5MP + 2MP,13MP Front Camera,5000
"POCO F7 5G (Phantom Black, 256 GB)",POCO,35999,,,4.4,22612,2237,12,256,50MP Rear Camera,20MP Front Camera,7550
"POCO M6 Plus 5G (Misty Lavender, 128 GB)",POCO,14499,17999,19,4.2,20147,1181,8,128,108MP + 2MP,13MP Front Camera,5030
"vivo T2x 5G (Aurora Gold, 128 GB)",vivo,14999,20999,28,4.3,73011,4180,8,128,50MP + 2MP,8MP Front Camera,5000
"Apple iPhone 16 (Teal, 128 GB)",Apple,69900,,,4.6,193584,6827,,,48MP + 12MP,12MP Front Camera,
"Infinix SMART 9 HD (Neo Titanium, 64 GB)",Infinix,6699,8999,25,4.1,4419,266,3,64,13MP Rear Camera,8MP Front Camera,5000
"Samsung Galaxy A14 5G (Dark Red, 64 GB)",Samsung,11990,18499,35,4.2,46634,2191,4,64,50MP + 2MP + 2MP,13MP Front Camera,5000
"Motorola g04s (Sunrise Orange, 64 GB)",Motorola,9999,,,4.2,30450,1624,4,64,50MP Rear Camera,5MP Front Camera,5000
Vivo T4 Lite 5G (Titanium Gold 2026) (8GB 256GB),Vivo,16999,31999,46,4.3,22265,1076,8,256,50MP + 2MP,5MP Front Camera,6000
"realme P4 5G (Steel Grey, 128 GB)",realme,20999,,,4.4,21424,1452,6,128,50MP + 8MP,16MP Front Camera,7000
"realme 12x 5G (Twilight Purple, 128 GB)",realme,12499,17999,30,4.4,94805,4645,6,128,50MP + 2MP,8MP Front Camera,5000
"Infinix NOTE 60 Pro (Tactical ED(Mocha Brown), 256 GB)",Infinix,34999,44999,22,4.4,673,116,8,256,50MP + 8MP,13MP Front Camera,6500
"vivo T2x 5G (Marine Blue, 128 GB)",vivo,12999,18999,31,4.4,397019,22040,6,128,50MP + 2MP,8MP Front Camera,5000
"Apple iPhone 16 (Teal, 128 GB)",Apple,69900,,,4.6,193584,6827,,,48MP + 12MP,12MP Front Camera,
"POCO M6 Plus 5G (Misty Lavender, 128 GB)",POCO,14499,17999,19,4.2,20147,1181,8,128,108MP + 2MP,13MP Front Camera,5030
"MOTOROLA Signature (PANTONE Carbon, 512 GB)",MOTOROLA,62499,79999,21,4.5,572,95,16,512,50MP + 50MP + 50MP,50MP Front Camera,5200
"realme P4 5G - IWIT (Steel Grey, 128 GB)",realme,23999,29999,20,4.4,18347,1303,8,128,50MP + 8MP,16MP Front Camera,7000
Vivo T4 Lite 5G (Prism Blue 2026) ( 4GB 64GB),Vivo,12999,27999,53,4.3,35507,1288,4,64,50MP + 2MP,5MP Front Camera,6000
"Samsung Galaxy A14 5G (Light Green, 128 GB)",Samsung,14400,22999,37,4.1,4272,310,8,128,50MP + 2MP + 2MP,13MP Front Camera,5000
"POCO F7 5G (Phantom Black, 256 GB)",POCO,35999,,,4.4,22612,2237,12,256,50MP Rear Camera,20MP Front Camera,7550
"vivo T2x 5G (Aurora Gold, 128 GB)",vivo,14999,20999,28,4.3,73011,4180,8,128,50MP + 2MP,8MP Front Camera,5000
"Motorola e13 (Cosmic Black, 64 GB)",Motorola,10999,,,4.1,107162,7693,4,64,13MP Rear Camera,5MP Front Camera,5000
"POCO M7 Pro 5G (Olive Twilight, 128 GB)",POCO,14999,18999,21,4.3,38552,2884,6,128,50MP + 2MP,20MP Front Camera,5110
"realme C85 5G (Parrot Purple, 128.0 GB)",realme,16499,,,4.3,190,12,4,0,50MP Rear Camera,8MP Front Camera,7000
"Infinix Hot 50 5G (Sleek Black, 128 GB)",Infinix,9999,12999,23,4.3,5686,426,4,128,48MP + Depth Sensor,8MP Front Camera,5000
"POCO C50 (Royal Blue, 32 GB)",POCO,5999,9999,40,4,22882,1365,3,32,8MP Dual Camera,5MP Front Camera,5000
"CMF by Nothing Phone 2 Pro (White, 128 GB)",CMF,18999,22999,17,4.4,75792,5613,8,128,50MP + 50MP + 8MP,16MP Front Camera,5000
"Infinix NOTE 60 Pro (Tactical ED(Mocha Brown), 128 GB)",Infinix,31999,39999,20,4.4,673,116,8,128,50MP + 8MP,13MP Front Camera,6500
"Samsung Galaxy A14 5G (Dark Red, 128 GB)",Samsung,20999,,,4.2,82467,3912,6,128,50MP + 2MP + 2MP,13MP Front Camera,5000
"Motorola g14 (Butter Cream, 128 GB)",Motorola,9999,12999,23,4.1,51908,4076,4,128,50MP + 2MP,8MP Front Camera,5000
"Motorola g64 5G (Pearl Blue, 128 GB)",Motorola,13999,17999,22,4.2,61384,3752,8,128,50MP (OIS) + 8MP,16MP Front Camera,6000
"Motorola Edge 50 Fusion (Forest Green, 256 GB)",Motorola,20999,27999,25,4.4,156834,11178,12,256,50MP + 13MP,32MP Front Camera,5000
"POCO M6 5G (Polaris Green, 64 GB)",POCO,11899,11999,,4.1,141836,7199,4,64,50MP Rear Camera,5MP Front Camera,5000
"vivo T2x 5G (Glimmer Black, 128 GB)",vivo,14999,20999,28,4.3,73011,4180,8,128,50MP + 2MP,8MP Front Camera,5000
"POCO C51 (Power Black, 64 GB)",POCO,8499,9999,15,4,226809,12047,4,64,8MP Dual Rear Camera,5MP Front Camera,5000
"MOTOROLA Edge 60 Fusion 5G (PANTONE Mykonos Blue, 256 GB)",MOTOROLA,24999,25999,3,4.4,120468,7120,8,256,50MP + 13MP,32MP Front Camera,5500
"Infinix HOT 60i 5G (Shadow Blue, 128 GB)",Infinix,15999,,,4.3,1495,124,4,128,50MP Rear Camera,5MP Front Camera,6000
"POCO C61 (Mystical Green, 64 GB)",POCO,7999,8999,11,4.1,112371,4633,4,64,8MP Rear Camera,5MP Front Camera,5000
"POCO M7 5G (Satin Black, 128 GB)",POCO,13499,13999,3,4.3,18699,909,8,128,50MP Rear Camera,8MP Front Camera,5160
"Motorola Edge 50 Fusion (Forest Blue, 128 GB)",Motorola,18999,25999,26,4.4,127205,8710,8,128,50MP + 13MP,32MP Front Camera,5000
Vivo T4 Lite 5G (Prism Blue 2026) (8GB 256GB),Vivo,16999,31999,46,4.3,22265,1076,8,256,50MP + 2MP,5MP Front Camera,6000
"Samsung Galaxy F16 5G (Bling Black, 128 GB)",Samsung,12499,15999,21,4.1,4301,265,4,128,50MP + 5MP + 2MP,13MP Front Camera,5000
"POCO M7 Plus 5G (Aqua Blue, 128 GB)",POCO,14499,15999,9,3.9,3244,276,4,128,50MP Rear Camera,,7000
"MOTOROLA G04 (Sea Green, 64 GB)",MOTOROLA,7999,9999,20,4.2,16378,1020,4,64,16MP Rear Camera,5MP Front Camera,5000
"Motorola g64 5G (Ice Lilac, 128 GB)",Motorola,13999,17999,22,4.2,61384,3752,8,128,50MP (OIS) + 8MP,16MP Front Camera,6000
"POCO C81 (Sunset Gold, 64 GB)",POCO,11999,19999,40,3.7,72,6,4,64,13MP Rear Camera,8MP Front Camera,6300
"OnePlus Nord CE4 lite 5G (MEGA BLUE, 128 GB)",OnePlus,16262,20999,22,4.4,36477,1699,8,128,50MP Rear Camera,,5500
"Motorola Edge 50 Fusion (Hot Pink, 128 GB)",Motorola,18999,25999,26,4.4,127205,8710,8,128,50MP + 13MP,32MP Front Camera,5000
"vivo T2 5G (Velocity Wave, 128 GB)",vivo,15999,23999,33,4.4,95849,6616,6,128,64 MP (OIS) + 2MP,16MP Front Camera,4500
"realme P3 Lite 5G Charger in the Box (Midnight Lily, 128 GB)",realme,13999,,,4.4,14375,685,6,128,32MP Rear Camera,8MP Front Camera,6000
"Samsung Galaxy F04 (Opal Green, 64 GB)",Samsung,11499,,,4.2,109503,6116,4,64,13MP + 2MP,5MP Front Camera,5000
"Infinix Note 40 5G (Obsidian Black, 256 GB)",Infinix,19999,24999,20,4.2,12800,1173,8,256,108MP + 2MP + 2MP,32MP Front Camera,5000
"Google Pixel 6a (Charcoal, 128 GB)",Google,43999,,,4.3,75014,8416,6,128,12.2MP + 12MP,8MP Front Camera,4410
"POCO M7 Pro 5G (Lunar Dust, 128 GB)",POCO,14999,18999,21,4.3,38552,2884,6,128,50MP + 2MP,20MP Front Camera,5110
"Ai+ Pulse 1 (Green, 64 GB)",Ai+,7999,,,4.2,42699,2813,4,64,50MP Rear Camera,5MP Front Camera,5000
"realme C85 5G (Parrot Purple, 128.0 GB)",realme,21999,24999,12,4.3,190,12,4,0,50MP Rear Camera,8MP Front Camera,7000
"Motorola Edge 40 Neo (Black Beauty, 128 GB)",Motorola,27999,,,4.3,58226,5942,8,128,50MP + 13MP,32MP Front Camera,5000
"Nothing Phone (3a) Lite (White, 128 GB)",Nothing,22999,,,4.4,3104,204,8,128,50MP + 8MP + 2MP,16MP Front Camera,5000
"OnePlus Nord CE 3 Lite 5G (Pastel Lime, 256 GB)",OnePlus,18289,21999,16,4.4,168541,8494,8,256,108MP Rear Camera,,5000
"realme P1 5G (Feather Blue, 128 GB)",realme,13999,20999,33,4.3,96811,6016,6,128,50MP + 2MP,16MP Front Camera,5000
"POCO M6 5G - Locked with Airtel Prepaid (Polaris Green, 128 GB)",POCO,10499,12999,19,4.1,141836,7199,4,128,50MP Rear Camera,5MP Front Camera,5000
"POCO M7 5G (Satin Black, 128 GB)",POCO,12499,12999,3,4.1,77611,3725,6,128,50MP Rear Camera,8MP Front Camera,5160
"POCO C51 - Locked with Airtel Prepaid (Power Black, 64 GB)",POCO,8499,9999,15,4,226809,12047,4,64,8MP Dual Rear Camera,5MP Front Camera,5000
"POCO M7 5G (Mint Green, 128 GB)",POCO,13499,13999,3,4.3,18699,909,8,128,50MP Rear Camera,8MP Front Camera,5160
"vivo T2 5G (Nitro Blaze, 128 GB)",vivo,15999,23999,33,4.4,95849,6616,6,128,64 MP (OIS) + 2MP,16MP Front Camera,4500
"POCO C65 (Pastel Blue, 128 GB)",POCO,9499,11999,20,4.3,30555,1432,6,128,50MP + AI Lens + 2MP,8MP Front Camera,5000
"realme C71 (Sea Blue, 64 GB)",realme,7199,8999,20,4.3,1432,60,4,64,13MP Rear Camera,5MP Front Camera,6300
"Infinix SMART 8 HD (Shiny Gold, 64 GB)",Infinix,6999,8999,22,4.3,1652,64,4,64,13MP + AI Lens,8MP Front Camera,5000
"Motorola e13 (Cosmic Black, 128 GB)",Motorola,7999,10999,27,4.1,36029,1985,8,128,13MP Rear Camera,5MP Front Camera,5000
"POCO M6 Pro 5G (Forest Green, 128 GB)",POCO,12999,16999,23,4.2,134017,8428,6,128,50MP + 2MP,8MP Front Camera,5000
"Motorola Edge 50 Pro 5G with 125W Charger (Luxe Lavender, 256 GB)",Motorola,29999,41999,28,4.4,64998,4375,12,256,50MP + 13MP + 10MP,50MP Front Camera,4500
"vivo T2x 5G (Black, 128 GB)",vivo,12999,18999,31,4.4,397019,22040,6,128,50MP + 2MP,8MP Front Camera,5000
"Nothing Phone (2a) 5G (Black, 256 GB)",Nothing,25999,27999,7,4.4,98021,7882,8,256,50MP (OIS) + 50MP,32MP Front Camera,5000
"POCO C65 (Pastel Green, 128 GB)",POCO,9499,11999,20,4.3,30555,1432,6,128,50MP + AI Lens + 2MP,8MP Front Camera,5000
"POCO C55 (Forest Green, 64 GB)",POCO,9499,11999,20,4.2,127518,7403,4,64,50MP Dual Rear Camera,5MP Front Camera,5000
"POCO X7 Pro 5G (Nebula Green, 256 GB)",POCO,23999,31999,25,4.3,17936,1806,8,256,50MP + 8MP,20MP Front Camera,6550
"Nothing Phone (2a) 5G (Blue, 128 GB)",Nothing,23999,25999,7,4.4,98021,7882,8,128,50MP (OIS) + 50MP,32MP Front Camera,5000
"vivo T2x 5G (Aurora Gold, 128 GB)",vivo,12999,18999,31,4.4,397019,22040,6,128,50MP + 2MP,8MP Front Camera,5000
"I Kall Z10 Smartphone - 6.56"" HD Display, 5000mAh Battery, 20MP Rear Camera (Black, 64 GB)",I,6934,7999,13,2.3,3,0,4,64,20MP Rear Camera,8MP Front Camera,5000
"POCO M6 5G (Polaris Green, 128 GB)",POCO,13899,13999,,4.3,49237,2487,6,128,50MP Rear Camera,5MP Front Camera,5000
"POCO M6 Pro 5G (Forest Green, 64 GB)",POCO,10999,14999,26,4.2,78338,5264,4,64,50MP + 2MP,8MP Front Camera,5000
"realme C71 (Sea Blue, 128 GB)",realme,9699,10999,11,4.2,9392,358,6,128,13MP Rear Camera,5MP Front Camera,6300
"Motorola Edge 40 (Nebula Green, 256 GB)",Motorola,26999,34999,22,4.3,83004,8651,8,256,50MP + 13MP,32MP Front Camera,4400
"POCO C81 (Sky Blue, 64 GB)",POCO,11999,19999,40,3.7,72,6,4,64,13MP Rear Camera,8MP Front Camera,6300
"realme P1 5G (Peacock Green, 128 GB)",realme,14999,21999,31,4.3,47099,2745,8,128,50MP + 2MP,16MP Front Camera,5000
"Tecno Spark Go 2 (Turquoise Green, 64 GB)",Tecno,7499,8999,16,4.3,2872,171,4,64,13MP Rear Camera,,5000
"MOTOROLA Edge 60 5G (PANTONE Shamrock, 256 GB)",MOTOROLA,25999,31999,18,4.3,5898,421,12,256,50MP + 50MP + 10MP,50MP Front Camera,5500
"Infinix SMART 8 HD (Timber Black, 64 GB)",Infinix,6999,8999,22,4.3,1652,64,4,64,13MP + AI Lens,8MP Front Camera,5000
"REDMI A5 (Jaisalmer Gold, 64 GB)",REDMI,8999,,,4.1,8699,415,3,64,32MP Rear Camera,8MP Front Camera,5200
"Infinix GT 20 Pro (Mecha Orange, 256 GB)",Infinix,24999,31999,21,4.3,13636,1109,8,256,108MP (OIS) + 2MP + 2MP,32MP Front Camera,5000
"Google Pixel 6a (Chalk, 128 GB)",Google,43999,,,4.3,75014,8416,6,128,12.2MP + 12MP,8MP Front Camera,4410
"OnePlus Nord CE 3 Lite 5G (Chromatic Gray, 256 GB)",OnePlus,17999,21999,18,4.4,168541,8494,8,256,108MP Rear Camera,,5000
"vivo T2x 5G (Marine Blue, 128 GB)",vivo,11999,17999,33,4.4,161432,8729,4,128,50MP + 2MP,8MP Front Camera,5000
"Motorola g64 5G (Berry Red, 256 GB)",Motorola,15999,19999,20,4.2,87947,5505,12,256,50MP (OIS) + 8MP,16MP Front Camera,6000
"realme 12x 5G (Coral Red, 128 GB)",realme,12499,17999,30,4.4,94805,4645,6,128,50MP + 2MP,8MP Front Camera,5000
"REDMI 12 (Pastel Blue, 128 GB)",REDMI,9999,15999,37,4.2,74835,4336,6,128,50MP + 8MP + 2MP,8MP Front Camera,5000
"Infinix SMART 9 HD (Metallic Black, 64 GB)",Infinix,6699,8999,25,4.1,4419,266,3,64,13MP Rear Camera,8MP Front Camera,5000
"realme P3 Lite 5G Charger in the Box (Midnight Lily, 128 GB)",realme,12999,,,4.2,12007,630,4,128,32MP Rear Camera,8MP Front Camera,6000
"realme C63 (Jade Green, 64 GB)",realme,8499,9999,15,4.3,11002,555,4,64,50MP Rear Camera,8MP Front Camera,5000
"MOTOROLA G96 5G (Pantone Cattleya Orchid, 256 GB)",MOTOROLA,22999,,,4.4,89801,5025,8,256,50MP + 8MP,32MP Front Camera,5500
"realme C51 (Mint Green, 128 GB)",realme,9499,11999,20,4.3,79037,3442,4,128,50MP + 0.08MP,5MP Front Camera,5000
"realme Narzo 100 Lite 5G (Thunder Black, 64 GB)",realme,14481,22999,37,4,259,13,4,64,13MP Rear Camera,,7000
"IQOO Z10R 5G (Moonstone, 128 GB)",IQOO,23082,23499,1,4.4,5328,318,8,128,50MP Rear Camera,,5700
"IQOO 15R 5G (Dark Knight, 256 GB)",IQOO,46887,53999,13,4.6,125,17,8,256,50MP Rear Camera,,7600
"Infinix GT 30 5G+ Blade White 256 (Blade White, 256 GB)",Infinix,23999,26999,11,4.5,86,6,8,256,64MP + 8MP,13MP Front Camera,5500
"Samsung Galaxy A06 5G (Light Green, 64 GB)",Samsung,12290,13999,12,4.1,3656,236,4,64,50MP + 50MP,2MP + 2MP Dual Front Camera,5000
"Samsung M36 5G (Orange Haze / Orange, 128 GB)",Samsung,20999,26999,22,4.3,3728,228,6,128,50MP Rear Camera,,5000
"Nothing Phone (4a) (Black, 256 GB)",Nothing,40999,,,4.5,796,75,12,256,50MP + 50MP + 8MP,32MP Front Camera,5400
"MOTOROLA Edge 60 Pro (Pantone Shadow, 256 GB)",MOTOROLA,29999,36999,18,4.3,51272,3850,8,256,50MP + 50MP + 10MP,50MP Front Camera,6000
"realme P4 Lite 5G (Mosaic Blue, 128 GB)",realme,18499,36999,50,4.3,817,64,6,128,13MP Rear Camera,5MP Front Camera,7000
"Samsung Galaxy S25 FE 5G (Navy, 128 GB)",Samsung,59999,,,4.6,1280,128,8,128,50MP + 12MP + 8MP,12MP Front Camera,4900
"Samsung Galaxy F36 5G (Black, 128 GB)",Samsung,19999,22999,13,4.3,11243,760,6,128,50MP + 8MP + 2MP,13MP Front Camera,5000
"IQOO 15R 5G (Triumph Silver, 512 GB)",IQOO,58500,61999,5,4.6,98,12,12,512,50MP Rear Camera,,7600
"realme P4 Lite (Beach Gold, 128 GB)",realme,13999,,,4.1,2507,145,4,128,13MP Rear Camera,5MP Front Camera,6300
"MOTOROLA Signature (PANTONE Carbon, 256 GB)",MOTOROLA,57499,74999,23,4.5,406,57,12,256,50MP + 50MP + 50MP,50MP Front Camera,5200
"Nothing Phone (4a) (White, 256 GB)",Nothing,37999,,,4.4,4214,447,8,256,50MP + 50MP + 8MP,32MP Front Camera,5400
"Samsung Galaxy S25 FE 5G (Navy, 256 GB)",Samsung,65999,,,4.6,1280,128,8,256,50MP + 12MP + 8MP,12MP Front Camera,4900
"IQOO 15R 5G (Dark Knight, 256 GB)",IQOO,50599,56999,11,4.6,98,12,12,256,50MP Rear Camera,,7600
"realme 15T 5G (Flowing Silver, 256 GB)",realme,29999,33999,11,4.2,6398,448,8,256,50MP + 2MP,50MP Front Camera,7000
"Apple iPhone 17e (Black, 256 GB)",Apple,64900,,,4.6,168,13,,,48MP Rear Camera,"A19 chip, 6 Core",
"Samsung Galaxy A06 (Black, 64 GB)",Samsung,10349,11499,10,4.1,595,33,4,64,50MP + 2MP,8MP Front Camera,5000
"REDMI 15A (Awesome Blue, 64 GB)",REDMI,14999,16999,11,3.9,276,23,4,64,32MP Rear Camera,8MP Front Camera,6300
"MOTOROLA edge 70 pro (Tailored Fabric - PANTONE Titan (Blue), 256 GB)",MOTOROLA,42999,56999,24,4.3,146,30,12,256,50MP + 50MP,50MP Front Camera,6500
"Samsung Galaxy A36 5G (Awesome Black, 128 GB)",Samsung,28378,39499,28,4.3,2249,178,8,128,50MP + 8MP,12MP Front Camera,5000
"Samsung Galaxy S25 FE 5G (Jetblack, 128 GB)",Samsung,59999,,,4.6,1280,128,8,128,50MP + 12MP + 8MP,12MP Front Camera,4900
"Samsung Galaxy S25 FE 5G (Jetblack, 128 GB)",Samsung,59999,,,4.6,1280,128,8,128,50MP + 12MP + 8MP,12MP Front Camera,4900
"Apple iPhone 17e (Black, 256 GB)",Apple,64900,,,4.6,168,13,,,48MP Rear Camera,"A19 chip, 6 Core",
"Samsung Galaxy A36 5G (Awesome Black, 128 GB)",Samsung,28378,39499,28,4.3,2249,178,8,128,50MP + 8MP,12MP Front Camera,5000
"OPPO K13 Turbo Pro 5G (Midnight Maverick, 256 GB)",OPPO,33999,44999,24,4.5,557,52,12,256,50MP + 2MP,16MP Front Camera,7000
"realme P4x 5G (Lake Green, 256 GB)",realme,20999,,,4.3,5477,422,8,256,50MP + 2MP,8MP Front Camera,7000
"IQOO 15R 5G (Dark Knight, 512 GB)",IQOO,59900,61999,3,4.6,98,12,12,512,50MP Rear Camera,,7600
"IQOO 15R 5G (Triumph Silver, 256 GB)",IQOO,51470,56999,9,4.6,98,12,12,256,50MP Rear Camera,,7600
"realme 15T 5G (Flowing Silver, 128 GB)",realme,27999,31999,12,4.2,6398,448,8,128,50MP + 2MP,50MP Front Camera,7000
"realme 15T 5G (Silk Blue, 128 GB)",realme,27999,31999,12,4.2,6398,448,8,128,50MP + 2MP,50MP Front Camera,7000
"Samsung Galaxy S25 FE 5G (White, 128 GB)",Samsung,59999,,,4.6,1280,128,8,128,50MP + 12MP + 8MP,12MP Front Camera,4900
"REDMI 15 5G (Frosted White, 256 GB)",REDMI,24495,24999,2,4.3,4298,212,8,256,50MP Rear Camera,,7000
"MOTOROLA Edge 60 Fusion 5G (PANTONE Amazonite, 256 GB)",MOTOROLA,24999,25999,3,4.4,120468,7120,8,256,50MP + 13MP,32MP Front Camera,5500
"MOTOROLA Edge 70 (PANTONE Lily Pad, 256 GB)",MOTOROLA,29999,34999,14,4.4,3963,396,8,256,50MP + 50MP,50MP Front Camera,5000
"Samsung Galaxy A17 5G (Black, 128 GB)",Samsung,22499,,,4.3,1169,93,8,128,50MP + 5MP + 2MP,13MP Front Camera,5000
"vivo X200T (Stellar Black, 512 GB)",vivo,69999,87999,20,4.6,4003,784,12,512,50MP + 50MP + 50MP,32MP Front Camera,6200
"vivo X200T (Seaside Lilac, 256 GB)",vivo,59999,79999,25,4.6,4003,784,12,256,50MP + 50MP + 50MP,32MP Front Camera,6200
"vivo X200T (Seaside Lilac, 512 GB)",vivo,69999,87999,20,4.6,4003,784,12,512,50MP + 50MP + 50MP,32MP Front Camera,6200
"OPPO K13 Turbo Pro 5G (Purple Phantom, 256 GB)",OPPO,33999,44999,24,4.5,557,52,12,256,50MP + 2MP,16MP Front Camera,7000
"MOTOROLA edge 70 pro (Tailored Fabric - PANTONE Titan (Blue), 256 GB)",MOTOROLA,42999,56999,24,4.3,146,30,12,256,50MP + 50MP,50MP Front Camera,6500
"Samsung Galaxy A17 5G (Blue, 128 GB)",Samsung,20999,,,4.3,1188,86,6,128,50MP + 5MP + 2MP,13MP Front Camera,5000
"Alcatel V3 Ultra 5G (Hyper Blue, 128 GB)",Alcatel,21999,29999,26,4.1,262,30,8,128,108MP + 8MP + 2MP,32MP Front Camera,5010
"MOTOROLA Edge 60 Pro (Pantone Dazzling Blue, 256 GB)",MOTOROLA,29999,36999,18,4.3,51272,3850,8,256,50MP + 50MP + 10MP,50MP Front Camera,6000
"MOTOROLA Edge 70 (PANTONE Bronze Green, 256 GB)",MOTOROLA,29999,34999,14,4.4,3963,396,8,256,50MP + 50MP,50MP Front Camera,5000
"realme Narzo 100 Lite 5G (Thunder Black, 128 GB)",realme,16212,27999,42,4,259,13,4,128,13MP Rear Camera,,7000
"MOTOROLA Edge 60 Pro (Pantone Shadow, 512 GB)",MOTOROLA,37999,42999,11,4.4,3330,265,16,512,50MP + 50MP + 10MP,50MP Front Camera,6000
"Alcatel V3 Ultra 5G (Ocean Grey, 128 GB)",Alcatel,19999,27999,28,3.9,300,38,6,128,108MP + 8MP + 2MP,32MP Front Camera,5010
"IQOO 15R 5G (Triumph Silver, 256 GB)",IQOO,47300,53999,12,4.6,125,17,8,256,50MP Rear Camera,,7600
"vivo X200T (Stellar Black, 256 GB)",vivo,59999,79999,25,4.6,4003,784,12,256,50MP + 50MP + 50MP,32MP Front Camera,6200
"Samsung Galaxy A26 5G (Awesome black, Black, 128 GB)",Samsung,22979,27999,17,3.9,424,37,8,128,50MP + 8MP,13MP Front Camera,5000
"POCO M8 Charger in the Box (Carbon Black, 128 GB)",POCO,19999,25999,23,4.3,1521,156,6,128,50MP Rear Camera,20MP Front Camera,5520
"OnePlus Nord CE6 (Pitch Black, 256 GB)",OnePlus,36169,43999,17,4.3,49,5,8,256,50MP Rear Camera,2MP Front Camera,8000
"realme Gt 7 (Icesense Blue, 512 GB)",realme,41999,52999,20,4.4,830,84,12,512,50MP + 50MP + 50MP + 8MP,32MP + 32MP Dual Front Camera,7000
"Nothing Phone (4a) (White, 128 GB)",Nothing,37999,40999,7,4.4,4214,447,8,128,50MP + 50MP + 8MP,32MP Front Camera,5400
"OPPO K13 Turbo Pro 5G (Midnight Maverick, 256 GB)",OPPO,31999,41999,23,4.4,314,26,8,256,50MP + 2MP,16MP Front Camera,7000
"REDMI 15 5G (Sandy Purple, 256 GB)",REDMI,24499,24999,2,4.3,4298,212,8,256,50MP Rear Camera,,7000
"realme P4 Power 5G (TransSilver, 128 GB)",realme,29499,32999,10,4.5,4920,461,8,128,50MP + 8MP,Yes,10001
"OnePlus 13s 5G (Black Velvet, 512 GB)",OnePlus,55966,62999,11,4.6,1861,150,12,512,50MP Rear Camera,,5850
"Samsung Galaxy S25 5G (Silver Shadow, 128 GB)",Samsung,74999,,,4.6,3544,405,12,128,50MP + 10MP + 12MP,12MP Front Camera,4000
"vivo Y21 5G (Midnight Blue, 128 GB)",vivo,18999,32999,42,4,21,2,4,128,50MP + 0.08MP,5MP Front Camera,6500
"REDMI 15C 5G (Midnight Black, 128 GB)",REDMI,17970,31999,43,4.2,255,13,6,128,50MP Rear Camera,,6000
"Samsung Galaxy M17e (Vibe Violet, 128 GB)",Samsung,15469,20999,26,4.1,96,5,6,128,50MP Rear Camera,2MP Front Camera,6000
"OnePlus Nord CE6 (Fresh Blue, 256 GB)",OnePlus,36104,43999,17,4.3,49,5,8,256,50MP Rear Camera,2MP Front Camera,8000
"IQOO Neo 10 (Asphalt Black, 256 GB)",IQOO,38488,45999,16,4.5,1717,132,8,256,50MP + 50MP + 8MP,32MP + 32MP Dual Front Camera,7000
"Nothing Phone (4a) (Blue, 128 GB)",Nothing,37999,40999,7,4.4,4214,447,8,128,50MP + 50MP + 8MP,32MP Front Camera,5400
"Nothing Phone (4a) (Blue, 256 GB)",Nothing,40999,43999,6,4.4,4214,447,8,256,50MP + 50MP + 8MP,32MP Front Camera,5400
"MOTOROLA Edge 60 Fusion 5G (PANTONE Amazonite, 256 GB)",MOTOROLA,27999,,,4.4,45312,2675,12,256,50MP + 13MP,32MP Front Camera,5500
"Alcatel V3 Ultra 5G (Hyper Blue, 128 GB)",Alcatel,19999,27999,28,3.9,300,38,6,128,108MP + 8MP + 2MP,32MP Front Camera,5010
"Samsung Galaxy A06 5G (Black, 128 GB)",Samsung,15499,,,4.1,3656,236,4,128,50MP + 2MP,8MP Front Camera,5000
"Samsung Galaxy S26 5G (White, 256 GB)",Samsung,87999,,,4.6,308,99,12,256,50MP + 12MP,12MP Front Camera,4300
"realme P4 Lite 5G (Mosaic Green, 128 GB)",realme,18499,36999,50,4.3,817,64,6,128,13MP Rear Camera,5MP Front Camera,7000
"REDMI 15C 5G (Moonlight Blue, 128 GB)",REDMI,16988,29999,43,3.8,340,36,4,128,50MP Rear Camera,,6000
"realme Narzo 100 Lite 5G (Frost Silver, 64 GB)",realme,14577,24999,41,4,259,13,4,64,13MP Rear Camera,5MP Front Camera,7000
"MOTOROLA Edge 60 Pro (Pantone Sparkling Grape, 256 GB)",MOTOROLA,33999,40999,17,4.3,15295,1239,12,256,50MP + 50MP + 10MP,50MP Front Camera,6000
"realme Narzo 100 Lite 5G (Frost Silver, 128 GB)",realme,15388,27999,45,4,259,13,4,128,13MP Rear Camera,,7000
"MOTOROLA Edge 70 Fusion (Pantone ORIENT BLUE, 256 GB)",MOTOROLA,32999,45999,28,4.4,8423,909,8,256,50MP + 13MP,32MP Front Camera,7000
"REDMI 15A (Ace Black, 64 GB)",REDMI,14999,16999,11,3.9,276,23,4,64,32MP Rear Camera,8MP Front Camera,6300
"Apple iPhone 16 Plus (Ultramarine, 128 GB)",Apple,79900,,,4.6,4059,250,,,48MP + 12MP,12MP Front Camera,
"Infinix GT 30 5G+ Cyber Blue 128 (Cyber Blue, 128 GB)",Infinix,21999,24999,12,4.5,570,32,8,128,64MP + 8MP,13MP Front Camera,5500
"realme P4 Power 5G (TransSilver, 256 GB)",realme,31499,34999,10,4.5,4920,461,8,256,50MP + 8MP,Yes,10001
"OnePlus 13s 5G (Black Velvet, 256 GB)",OnePlus,51365,57999,11,4.6,1861,150,12,256,50MP Rear Camera,,5850
"OnePlus 13R 5g (Astral Trail, 256 GB)",OnePlus,44950,44999,,4.5,5999,369,12,256,50MP Rear Camera,,6000
"Apple iPhone 17 Pro (Deep Blue, 256 GB)",Apple,134900,,,4.7,1963,149,,,48MP + 48MP + 48MP,18MP Front Camera,
"OnePlus 13s 5G (Green Silk, 512 GB)",OnePlus,55983,62999,11,4.6,1861,150,12,512,50MP Rear Camera,,5850
"OPPO K13 Turbo Pro 5G (Silver Knight, 256 GB)",OPPO,33999,44999,24,4.5,557,52,12,256,50MP + 2MP,16MP Front Camera,7000
"POCO X8 Pro Charger in the Box (Green, 256 GB)",POCO,34999,50999,31,4.3,1661,325,8,256,50MP + 8MP,20MP Front Camera,6500
"vivo Y21 5G (Champagne Gold, 128 GB)",vivo,18999,32999,42,4,21,2,4,128,50MP + 0.08MP,5MP Front Camera,6500
"realme P4 Power 5G (TransBlue, 128 GB)",realme,29499,32999,10,4.5,4920,461,8,128,50MP + 8MP,Yes,10001
"realme Gt 7 (Icesense Black, 256 GB)",realme,38999,48999,20,4.4,830,84,12,256,50MP + 50MP + 50MP + 8MP,32MP + 32MP Dual Front Camera,7000
"Samsung Galaxy A17 5G (Blue, 256 GB)",Samsung,25499,,,4.3,1169,93,8,256,50MP + 5MP + 2MP,13MP Front Camera,5000
"REDMI 15 5G (Frosted White, 128 GB)",REDMI,19814,19999,,4.3,2327,130,6,128,50MP Rear Camera,,7000
"OnePlus 12 (Glacial White, 256 GB)",OnePlus,49180,64999,24,4.6,1595,141,12,256,50MP Rear Camera,,5400
"REDMI 15C 5G (Moonlight Blue, 128 GB)",REDMI,17778,17999,1,4.2,255,13,6,128,50MP Rear Camera,,6000
"vivo V60 5G (Mist Gray, 128 GB)",vivo,37999,41999,9,4.5,3896,324,8,128,50MP + 8MP + 50MP,50MP Front Camera,6500
"Apple iPhone 16 Plus (White, 128 GB)",Apple,79900,,,4.6,4059,250,,,48MP + 12MP,12MP Front Camera,
"Apple iPhone 17e (White, 256 GB)",Apple,64900,,,4.6,168,13,,,48MP Rear Camera,"A19 chip, 6 Core",
"realme P4 Power 5G (TransBlue, 256 GB)",realme,31499,34999,10,4.5,4920,461,8,256,50MP + 8MP,Yes,10001
"realme P4 Power 5G (TransSilver, 256 GB)",realme,34499,37999,9,4.4,1236,161,12,256,50MP + 8MP,Yes,10001
"Google Pixel 10 (Obsidian, 256 GB)",Google,74999,79999,6,4.5,2564,212,12,256,48MP + 13MP + 10.8MP,10.5MP Front Camera,4970
"POCO X8 Pro Charger in the Box (Black, 256 GB)",POCO,37999,52999,28,4.4,509,76,12,256,50MP + 8MP,20MP Front Camera,6500
"REDMI 15A (Amaze Purple, 128 GB)",REDMI,15999,17999,11,3.9,276,23,4,128,32MP Rear Camera,8MP Front Camera,6300
"Alcatel V3 Ultra 5G (Champagne Gold, 128 GB)",Alcatel,19999,27999,28,3.9,300,38,6,128,108MP + 8MP + 2MP,32MP Front Camera,5010
"OPPO Reno15c 5G (Afterglow Pink, 256 GB)",OPPO,44999,46999,4,4.4,154,17,12,256,50MP + 8MP + 2MP,Yes,7000
"MOTOROLA g37 power (PANTONE Nautical Blue, 128 GB)",MOTOROLA,25999,37999,31,,,,8,128,50MP Rear Camera,8MP Front Camera,7000
"Samsung Galaxy A17 5G (Black, 128 GB)",Samsung,18999,21999,13,4.3,1188,86,6,128,50MP + 5MP + 2MP,13MP Front Camera,5000
"Ai+ Nova 2 5G (Purple, 128 GB)",Ai+,14999,,,4.2,1554,95,6,128,50MP Rear Camera,8MP Front Camera,6000
"Tecno Pova Slim 5G (Slim White, 128 GB)",Tecno,21499,24999,14,4.3,1216,85,8,128,50MP + 2MP,13MP Front Camera,5160
"realme P4 Power 5G (TransOrange, 256 GB)",realme,31499,34999,10,4.5,4920,461,8,256,50MP + 8MP,Yes,10001
"OnePlus Nord 6 (Quick Silver, 256 GB)",OnePlus,44314,52999,16,4.5,1143,150,8,256,50MP Rear Camera,,9000
"MOTOROLA Signature (PANTONE Martini Olive, 256 GB)",MOTOROLA,57499,74999,23,4.5,406,57,12,256,50MP + 50MP + 50MP,50MP Front Camera,5200
"Ai+ Nova 2 Ultra 5G (Purple, 128 GB)",Ai+,22999,26999,14,4.3,284,117,8,128,50MP + 8MP,13MP Front Camera,6000
"MOTOROLA Edge 70 Fusion (Pantone BLUE SURF, 256 GB)",MOTOROLA,34999,49999,30,4.3,1707,178,12,256,50MP + 13MP,32MP Front Camera,7000
"realme Narzo 80 Pro 5G (Racing Green, 256 GB)",realme,24999,25999,3,4.4,1235,68,8,256,50MP Rear Camera,,6000
"REDMI A7 Pro 5G (Mist Blue, 64 GB)",REDMI,13750,26999,49,4.1,436,41,4,64,32MP Rear Camera,,6300
"REDMI A7 Pro 5G (Sunset Orange, 64 GB)",REDMI,13848,15999,13,4.1,436,41,4,64,32MP Rear Camera,,6300
"realme Gt 7 (Icesense Black, 256 GB)",realme,36999,45999,19,4.4,797,102,8,256,50MP + 50MP + 50MP + 8MP,32MP + 32MP Dual Front Camera,7000
"OPPO K13 Turbo Pro 5G (Purple Phantom, 256 GB)",OPPO,31999,41999,23,4.4,314,26,8,256,50MP + 2MP,16MP Front Camera,7000
"realme P4 Power 5G (TransOrange, 128 GB)",realme,29499,32999,10,4.5,4920,461,8,128,50MP + 8MP,Yes,10001
"vivo Y21 5G (Midnight Blue, 128 GB)",vivo,22999,38999,41,3.9,16,1,8,128,50MP + 0.08MP,5MP Front Camera,6500
"Infinix GT 30 Pro 5G+ (Dark Flare, 256 GB)",Infinix,29999,34999,14,4.3,1260,101,12,256,108MP + 8MP,13MP Front Camera,5500
"Infinix GT 30 Pro 5G+ (Blade White, 256 GB)",Infinix,29999,34999,14,4.3,1260,101,12,256,108MP + 8MP,13MP Front Camera,5500
"Infinix GT 30 Pro 5G+ (Dark Flare, 256 GB)",Infinix,27999,31999,12,4.3,2409,188,8,256,108MP + 8MP,13MP Front Camera,5500
"REDMI 15A (Amaze Purple, 128 GB)",REDMI,17999,19999,10,3.7,63,5,6,128,32MP Rear Camera,8MP Front Camera,6300
"realme Narzo 80 Pro 5G (Speed Silver, 256 GB)",realme,26999,27999,3,4.5,194,20,12,256,50MP Rear Camera,,6000
"realme Narzo 80 Pro 5G (Speed Silver, 256 GB)",realme,24275,25999,6,4.4,1235,68,8,256,50MP Rear Camera,,6000
"Alcatel V3 Ultra 5G (Champagne Gold, 128 GB)",Alcatel,19999,27999,28,3.9,300,38,6,128,108MP + 8MP + 2MP,32MP Front Camera,5010
"MOTOROLA g57 power 5G Snapdragon (Pantone Regatta, 128 GB)",MOTOROLA,21999,,,4.4,44116,2735,8,128,50MP + 8MP,8MP Front Camera,7000
"IQOO 15 5G (Legend, 512 GB)",IQOO,77400,83999,7,4.5,87,11,16,512,50MP Rear Camera,,7000
"Apple iPhone 16 Plus (Black, 256 GB)",Apple,89900,,,4.6,4059,250,,,48MP + 12MP,12MP Front Camera,
"OnePlus Nord 6 (Quick Silver, 256 GB)",OnePlus,44300,52999,16,4.5,1143,150,8,256,50MP Rear Camera,,9000
"OPPO K13 Turbo Pro 5G (Silver Knight, 256 GB)",OPPO,31999,41999,23,4.4,314,26,8,256,50MP + 2MP,16MP Front Camera,7000
"realme 15x 5G (Marine Blue, 128 GB)",realme,23999,28999,17,4.3,3598,251,6,128,50MP Rear Camera,50MP Front Camera,7000
"Samsung Galaxy M17e (Vibe Violet, 128 GB)",Samsung,13334,16999,21,3.8,59,4,4,128,50MP Rear Camera,2MP Front Camera,6000
"OnePlus 15R 5G (Charcoal Black, 256 GB)",OnePlus,54990,54999,,4.6,1297,88,12,256,50MP Rear Camera,,7400
"vivo Y21 5G (Champagne Gold, 128 GB)",vivo,22999,38999,41,3.9,16,1,8,128,50MP + 0.08MP,5MP Front Camera,6500
"REDMI A7 Pro 5G (Black, 64 GB)",REDMI,13807,15999,13,4.1,436,41,4,64,32MP Rear Camera,,6300
"MOTOROLA Edge 70 (PANTONE Gadget Gray, 256 GB)",MOTOROLA,29999,34999,14,4.4,3963,396,8,256,50MP + 50MP,50MP Front Camera,5000
"Samsung Galaxy M17e (Blitz Blue, 128 GB)",Samsung,13237,16999,22,3.8,59,4,4,128,50MP Rear Camera,2MP Front Camera,6000
"MOTOROLA Edge 60 Pro (Pantone Dazzling Blue, 512 GB)",MOTOROLA,37999,42999,11,4.4,3330,265,16,512,50MP + 50MP + 10MP,50MP Front Camera,6000
"Samsung Galaxy A07 5G (Light Violet, 128 GB)",Samsung,18499,21499,13,4.4,30,2,6,128,50MP + 2MP,8MP Front Camera,6000
"MOTOROLA Edge 60 Pro (Pantone Shadow, 256 GB)",MOTOROLA,33999,40999,17,4.3,15295,1239,12,256,50MP + 50MP + 10MP,50MP Front Camera,6000
"realme Narzo Power 5G (Titan Blue, 256 GB)",realme,28993,37999,23,3.8,20,2,8,256,50MP Rear Camera,,10001
"REDMI 15 5G (Sandy Purple, 128 GB)",REDMI,21490,24999,14,4.3,4298,212,8,128,50MP Rear Camera,,7000
"Samsung Galaxy S24 5G Snapdragon (Amber Yellow, 128 GB)",Samsung,49999,74999,33,4.6,57437,3731,8,128,50MP + 12MP,12MP Front Camera,4000
"vivo V70 FE (Monsoon Blue, 256 GB)",vivo,40999,44999,8,4.3,332,39,8,256,200MP + 8MP,50MP Front Camera,7000
"OnePlus Nord 6 (Pitch Black, 256 GB)",OnePlus,45500,52999,14,4.5,1143,150,8,256,50MP Rear Camera,,9000
"realme Narzo Power 5G (Titan Blue, 128 GB)",realme,24193,35999,32,3.8,20,2,8,128,50MP Rear Camera,,10001
"OnePlus Nord 5 (Phantom Grey, 256 GB)",OnePlus,39990,39999,,4.5,2312,148,8,256,50MP + 50MP + 8MP,50MP Front Camera,6800
"IQOO 15 5G (Alpha, 512 GB)",IQOO,77890,83999,7,4.5,87,11,16,512,50MP Rear Camera,,7000
"vivo X300 FE (Urban Olive, 512 GB)",vivo,89999,129999,30,4.4,72,12,12,512,50MP + 50MP + 8MP,50MP Front Camera,6500
"vivo X300 FE (Noir Black, 512 GB)",vivo,89999,129999,30,4.4,72,12,12,512,50MP + 50MP + 8MP,50MP Front Camera,6500
"vivo X300 FE (Urban Olive, 256 GB)",vivo,79999,119999,33,4.4,72,12,12,256,50MP + 50MP + 8MP,50MP Front Camera,6500
"vivo X300 FE (Noir Black, 256 GB)",vivo,79999,119999,33,4.4,72,12,12,256,50MP + 50MP + 8MP,50MP Front Camera,6500
"LAVA Agni 3 5G (Pristine Glass, 128 GB)",LAVA,20999,25999,19,3.7,358,36,8,128,50MP Rear Camera,,5000
"REDMI 15C 5G (Midnight Black, 128 GB)",REDMI,20999,,,4.3,202,15,8,128,50MP Rear Camera,,6000
"REDMI 15 5G (Sandy Purple, 128 GB)",REDMI,19645,19999,1,4.3,2327,130,6,128,50MP Rear Camera,,7000
"OnePlus Nord 6 (Fresh Mint, 256 GB)",OnePlus,44300,52999,16,4.5,1143,150,8,256,50MP Rear Camera,,9000
"Samsung Galaxy S26 Ultra 5G (Cobalt Violet, 256 GB)",Samsung,139999,,,4.7,693,209,12,256,200MP + 50MP,12MP Front Camera,5000
"realme Narzo Power 5G (Titan Silver, 256 GB)",realme,29894,37999,21,3.8,20,2,8,256,50MP Rear Camera,,10001
"Samsung Galaxy S26 Ultra 5G (White, 256 GB)",Samsung,139999,,,4.7,693,209,12,256,200MP + 50MP,12MP Front Camera,5000
"Samsung Galaxy S26 Ultra 5G (Black, 256 GB)",Samsung,139999,,,4.7,693,209,12,256,200MP + 50MP,12MP Front Camera,5000
"Apple iPhone 17 Pro (Cosmic Orange, 512 GB)",Apple,154900,,,4.7,1963,149,,,48MP + 48MP + 48MP,18MP Front Camera,
"REDMI 15 5G (Midnight Black, 128 GB)",REDMI,21889,22999,4,4.3,4298,212,8,128,50MP Rear Camera,,7000
"REDMI Note 15 SE 5G Snapdragon (Crimson Reserve, 128 GB)",REDMI,24999,35999,30,4.3,914,107,8,128,50MP Rear Camera,20MP Front Camera,5800
"Apple iPhone 17 (Black, 512 GB)",Apple,102900,,,4.6,12927,821,,,48MP + 48MP,18MP Front Camera,
"realme Narzo 100 Lite 5G (Frost Silver, 128 GB)",realme,18720,31999,41,3.7,15,1,6,128,13MP Rear Camera,,7000
"MOTOROLA edge 70 pro (Marble - PANTONE Lily white (white), 256 GB)",MOTOROLA,42999,56999,24,4.3,146,30,12,256,50MP + 50MP,50MP Front Camera,6500
"Samsung Galaxy S24 Exynos 5G (Amber Yellow, 128 GB)",Samsung,49999,74999,33,4.5,6870,449,8,128,50MP + 10MP + 12MP,12MP Front Camera,4000
"vivo V70 FE (Northern Lights Purple, 128 GB)",vivo,37999,41999,9,4.3,332,39,8,128,200MP + 8MP,50MP Front Camera,7000
"vivo V70 FE (Northern Lights Purple, 256 GB)",vivo,40999,44999,8,4.3,332,39,8,256,200MP + 8MP,50MP Front Camera,7000
"vivo V70 FE (Monsoon Blue, 128 GB)",vivo,37999,41999,9,4.3,332,39,8,128,200MP + 8MP,50MP Front Camera,7000
"realme Narzo Power 5G (Titan Silver, 128 GB)",realme,27892,35999,22,3.8,20,2,8,128,50MP Rear Camera,,10001
"POCO M8 Charger in the Box (Frost Silver, 128 GB)",POCO,21999,27999,21,4.3,1291,124,8,128,50MP Rear Camera,20MP Front Camera,5520
"vivo X300 FE (Lilac Purple, 512 GB)",vivo,89999,129999,30,4.4,72,12,12,512,50MP + 50MP + 8MP,50MP Front Camera,6500
"vivo V70 FE (Monsoon Blue, 256 GB)",vivo,44999,47999,6,4.3,103,12,12,256,200MP + 8MP,50MP Front Camera,7000
"realme Gt 7 (Icesense Black, 512 GB)",realme,41999,52999,20,4.4,830,84,12,512,50MP + 50MP + 50MP + 8MP,32MP + 32MP Dual Front Camera,7000
"POCO X7 5G (Yellow, 256 GB)",POCO,19999,27999,28,4.3,28985,2326,8,256,50MP + 8MP + 2MP,20MP Front Camera,5500
"IQOO 15 5G (Legend, 256 GB)",IQOO,72500,76999,5,4.7,259,20,12,256,50MP Rear Camera,,7000
"Samsung Galaxy A14 5G (Black, 128 GB)",Samsung,20990,22999,8,4.1,4272,310,8,128,50MP + 2MP + 2MP,13MP Front Camera,5000
"OPPO F33 5G (Forest Green, 128 GB)",OPPO,31999,48999,34,4.7,14,5,6,128,50MP + 2MP,16MP Front Camera,7000
"vivo V60 5G (Auspicious Gold, 128 GB)",vivo,37999,41999,9,4.5,3896,324,8,128,50MP + 8MP + 50MP,50MP Front Camera,6500
"Samsung Galaxy S26 Ultra 5G (Cobalt Violet, 512 GB)",Samsung,159999,,,4.7,693,209,12,512,200MP + 50MP,12MP Front Camera,5000
"Samsung Galaxy S25 Ultra 5G (Titanium Whitesilver, 512 GB)",Samsung,115999,141999,18,4.6,2627,282,12,512,200MP + 50MP + 50MP + 10MP,12MP Front Camera,5000
"MOTOROLA edge 70 pro (Tailored Fabric - PANTONE Titan (Blue), 256 GB)",MOTOROLA,39999,51999,23,4.4,153,23,8,256,50MP + 50MP,50MP Front Camera,6500
"realme Narzo 100 Lite 5G (Thunder Black, 128 GB)",realme,18705,31999,41,3.7,15,1,6,128,13MP Rear Camera,,7000
"REDMI 15 5G (Frosted White, 128 GB)",REDMI,22499,22999,2,4.3,4298,212,8,128,50MP Rear Camera,,7000
"REDMI 15 5G (Midnight Black, 128 GB)",REDMI,19422,19999,2,4.3,2327,130,6,128,50MP Rear Camera,,7000
"Apple iPhone 16 Plus (White, 256 GB)",Apple,89900,,,4.6,4059,250,,,48MP + 12MP,12MP Front Camera,
"REDMI Note 15 SE 5G Snapdragon (Frosted White, 128 GB)",REDMI,24999,35999,30,4.3,914,107,8,128,50MP Rear Camera,20MP Front Camera,5800
"LAVA Shark 5G (stellar gold /steller gold, 64 GB)",LAVA,12999,14999,13,4.1,438,31,4,64,13MP + 13MP,5MP + 5MP Dual Front Camera,5000
"Lenovo K8 Note (Venom Black, 64 GB)",Lenovo,12999,14999,13,4.1,48195,6279,4,64,13MP + 5MP,13MP Front Camera,4000
"POCO M8 Charger in the Box (Frost Silver, 256 GB)",POCO,23999,29999,20,4.3,1291,124,8,256,50MP Rear Camera,20MP Front Camera,5520
"vivo X300 Pro (Elite Black, 512 GB)",vivo,109999,119999,8,4.7,422,65,16,512,50MP + 50MP + 200MP,50MP Front Camera,6510
"REDMI Note 15 SE 5G Snapdragon (Carbon Black, 128 GB)",REDMI,22999,34999,34,4.3,1930,208,6,128,50MP Rear Camera,20MP Front Camera,5800
"Google Pixel 10 (Frost, 256 GB)",Google,74999,79999,6,4.5,2564,212,12,256,48MP + 13MP + 10.8MP,10.5MP Front Camera,4970
"Samsung Galaxy M17e 5G (Blitz Blue, 128 GB)",Samsung,13997,16999,17,3.8,4,0,4,128,50MP Rear Camera,8MP Front Camera,6000
"Infinix GT 30 Pro 5G+ (Prism White, 256 GB)",Infinix,27999,31999,12,4.3,2409,188,8,256,108MP + 8MP,13MP Front Camera,5500
"Samsung Galaxy S26 Ultra 5G (White, 512 GB)",Samsung,159999,,,4.7,693,209,12,512,200MP + 50MP,12MP Front Camera,5000
"Alcatel V3 Ultra 5G (Hyper Blue, 128 GB)",Alcatel,19999,27999,28,3.9,300,38,6,128,108MP + 8MP + 2MP,32MP Front Camera,5010
"vivo X300 Pro (Dune Gold, 512 GB)",vivo,109999,119999,8,4.7,422,65,16,512,50MP + 50MP + 200MP,50MP Front Camera,6510
"Samsung Galaxy S25 5G (Mint, 128 GB)",Samsung,74999,,,4.6,3544,405,12,128,50MP + 10MP + 12MP,12MP Front Camera,4000
"Apple iPhone 17e (Soft Pink, 256 GB)",Apple,64900,,,4.6,168,13,,,48MP Rear Camera,"A19 chip, 6 Core",
"REDMI Note 15 Pro + 5G (Mirage Blue, 256 GB)",REDMI,37224,40999,9,4.3,63,7,8,256,200MP Rear Camera,,6500
"vivo V70 (Passion Red, 256 GB)",vivo,49999,50999,1,4.6,1218,141,8,256,50MP + 50MP + 8MP,Yes,6500
"Samsung Galaxy S26 Ultra 5G (Black, 512 GB)",Samsung,159999,,,4.7,693,209,12,512,200MP + 50MP,12MP Front Camera,5000
"Samsung Galaxy S26 Ultra 5G (Sky Blue, 256 GB)",Samsung,139999,,,4.7,693,209,12,256,200MP + 50MP,12MP Front Camera,5000
"MOTOROLA Edge 60 Pro (Pantone Sparkling Grape, 512 GB)",MOTOROLA,37999,42999,11,4.4,3330,265,16,512,50MP + 50MP + 10MP,50MP Front Camera,6000
"Samsung Galaxy F17 5G (Violet Pop, 128 GB)",Samsung,16430,17999,8,4.2,184,12,4,128,50MP + 5MP,13MP Front Camera,5000
"OPPO Reno15 5G (Twilight Blue, 256 GB)",OPPO,47999,49999,4,4.5,681,70,8,256,50MP + 50MP + 8MP,Yes,6500
"OPPO Reno15c 5G (Afterglow Pink, 256 GB)",OPPO,41999,42999,2,4.3,362,26,8,256,50MP + 8MP + 2MP,Yes,7000
"REDMI Note 15 Pro + 5G (Carbon Black, 256 GB)",REDMI,36978,40999,9,4.3,63,7,8,256,200MP Rear Camera,,6500
"vivo V70 Elite (Authentic Black, 256 GB)",vivo,54999,,,4.6,675,80,8,256,50MP + 50MP + 8MP,Yes,6500
"vivo V70 Elite (Sand Beige, 256 GB)",vivo,54999,,,4.6,675,80,8,256,50MP + 50MP + 8MP,Yes,6500
"Infinix NOTE 60 Pro (Tactical ED(Mocha Brown), 128 GB)",Infinix,31999,39999,20,4.4,673,116,8,128,50MP + 8MP,13MP Front Camera,6500
"Samsung Galaxy A36 5G (Awesome Lavender, 256 GB)",Samsung,36988,41999,11,4.4,348,24,12,256,50MP + 8MP,12MP Front Camera,5000
"REDMI Note 15 Pro + 5G (Coffee Mocha, 256 GB)",REDMI,39899,41999,5,4.2,44,3,12,256,200MP Rear Camera,,6500
"vivo V70 Elite (Sand Beige, 256 GB)",vivo,59999,,,4.5,404,50,12,256,50MP + 50MP + 8MP,Yes,6500
"vivo V70 Elite (Authentic Black, 256 GB)",vivo,59999,,,4.5,404,50,12,256,50MP + 50MP + 8MP,Yes,6500
"Samsung Galaxy F06 5G (Lit Violet, 64 GB)",Samsung,12499,14999,16,4.2,45989,2938,4,64,50MP + 2MP,8MP Front Camera,5000
"Samsung Galaxy S24 5G Snapdragon (Marble Gray, 128 GB)",Samsung,49999,74999,33,4.6,57437,3731,8,128,50MP + 12MP,12MP Front Camera,4000
"vivo V70 Elite (Authentic Black, 512 GB)",vivo,61999,65999,6,4.5,404,50,12,512,50MP + 50MP + 8MP,Yes,6500
"vivo V70 Elite (Passion Red, 512 GB)",vivo,61999,65999,6,4.5,404,50,12,512,50MP + 50MP + 8MP,Yes,6500
"Tecno Spark Go 3 (Aurora Purple, 64 GB)",Tecno,11999,,,4.1,105,2,4,64,13MP Rear Camera,8MP Front Camera,5000
"Tecno Spark Go 3 (Galaxy Blue, 64 GB)",Tecno,11999,,,4.1,105,2,4,64,13MP Rear Camera,8MP Front Camera,5000
"Tecno Spark Go 3 (Titanium Grey, 64 GB)",Tecno,11999,,,4.1,105,2,4,64,13MP Rear Camera,8MP Front Camera,5000
"Samsung Galaxy S26 Ultra 5G (Sky Blue, 512 GB)",Samsung,159999,,,4.7,693,209,12,512,200MP + 50MP,12MP Front Camera,5000
"Samsung Galaxy S25 5G (Navy, 128 GB)",Samsung,74999,,,4.6,3544,405,12,128,50MP + 10MP + 12MP,12MP Front Camera,4000
"Infinix NOTE 60 Pro (Deep Ocean Blue, 128 GB)",Infinix,31999,39999,20,4.4,673,116,8,128,50MP + 8MP,13MP Front Camera,6500
"Infinix NOTE 60 Pro (Solar Orange, 128 GB)",Infinix,31999,39999,20,4.4,673,116,8,128,50MP + 8MP,13MP Front Camera,6500
"OPPO F33 Pro 5G (Starry Blue, 256 GB)",OPPO,40999,58999,30,4.3,55,21,8,256,50MP + 2MP,50MP Front Camera,7000
"Samsung Galaxy S24 5G Snapdragon (Onyx Black, 128 GB)",Samsung,49999,74999,33,4.6,57437,3731,8,128,50MP + 12MP,12MP Front Camera,4000
"MOTOROLA edge 70 pro (Satin-Luxe PANTONE Tea (Green), 256 GB)",MOTOROLA,42999,56999,24,4.3,146,30,12,256,50MP + 50MP,50MP Front Camera,6500
"vivo V70 (Lemon Yellow, 256 GB)",vivo,49999,50999,1,4.6,1218,141,8,256,50MP + 50MP + 8MP,Yes,6500
"Nothing Phone (4a) Pro (Black, 128 GB)",Nothing,49999,,,4.5,2109,262,8,128,50MP + 50MP + 8MP,32MP Front Camera,5400
"REDMI A7 Pro 5G (Black, 128 GB)",REDMI,14786,16999,13,4.1,436,41,4,128,32MP Rear Camera,,6300
"REDMI A7 Pro 5G (Sunset Orange, 128 GB)",REDMI,14749,16999,13,4.1,436,41,4,128,32MP Rear Camera,,6300
"Alcatel V3 Classic 5G (Cosmic Grey, 128 GB)",Alcatel,14999,19999,25,4.1,553,29,6,128,50MP Dual Camera,8MP Front Camera,5200
"Apple iPhone 17 (Sage, 512 GB)",Apple,102900,,,4.6,12927,821,,,48MP + 48MP,18MP Front Camera,
"Nothing Phone (3) (Black, 512 GB)",Nothing,89999,94999,5,4.4,719,79,16,512,50MP + 50MP + 50MP,50MP Front Camera,5500
"OPPO Reno15c 5G (Twilight Blue, 256 GB)",OPPO,41999,42999,2,4.3,362,26,8,256,50MP + 8MP + 2MP,Yes,7000
"realme P4 Pro 5G (Birch Wood, 128 GB)",realme,27999,28999,3,4.4,18447,1490,8,128,50MP + 8MP,50MP Front Camera,7000
"Infinix GT 30 Pro 5G+ (Blade White, 256 GB)",Infinix,27999,31999,12,4.3,2409,188,8,256,108MP + 8MP,13MP Front Camera,5500
"REDMI 15C 5G (Dusk Purple, 128 GB)",REDMI,16999,,,3.8,340,36,4,128,50MP Rear Camera,,6000
"vivo Y31 5G (Rose Red, 128 GB)",vivo,23999,27999,14,4.4,731,28,6,128,50MP + 0.08MP,8MP Front Camera,6500
"OPPO Reno15 Pro Mini 5G (Glacier White, 512 GB)",OPPO,64999,69999,7,4.6,617,60,12,512,200MP + 50MP + 50MP,Yes,6200
"OPPO F33 Pro 5G (Misty Forest, 256 GB)",OPPO,40999,58999,30,4.3,55,21,8,256,50MP + 2MP,50MP Front Camera,7000
"Nothing Phone (4a) Pro (Black, 256 GB)",Nothing,52999,,,4.5,2109,262,8,256,50MP + 50MP + 8MP,32MP Front Camera,5400
"REDMI Note 15 Pro + 5G (Carbon Black, 256 GB)",REDMI,39899,41999,5,4.2,44,3,12,256,200MP Rear Camera,,6500
"realme P4 Pro 5G (Midnight Ivy, 256 GB)",realme,29999,30999,3,4.4,18447,1490,8,256,50MP + 8MP,50MP Front Camera,7000
"REDMI 15 5G (Midnight Black, 256 GB)",REDMI,24499,24999,2,4.3,4298,212,8,256,50MP Rear Camera,,7000
"realme 16T 5G (Aurora Green, 128 GB)",realme,29999,50999,41,2.4,16,3,6,128,50MP + 2MP,16MP Front Camera,8000
"REDMI Note 15 5G (Mist Purple, 128 GB)",REDMI,24990,26999,7,4.3,647,32,8,128,108MP Rear Camera,,5520
"realme 16T 5G (Starlight Red, 128 GB)",realme,31999,55999,42,2.1,8,4,8,128,50MP + 2MP,16MP Front Camera,8000
"OnePlus Nord 6 (Pitch Black, 256 GB)",OnePlus,51354,56999,9,4.7,56,9,12,256,50MP Rear Camera,,9000
"OnePlus Nord 6 (Quick Silver, 256 GB)",OnePlus,51483,56999,9,4.7,56,9,12,256,50MP Rear Camera,,9000
"realme 16T 5G (Starlight Black, 128 GB)",realme,29999,50999,41,2.4,16,3,6,128,50MP + 2MP,16MP Front Camera,8000
"REDMI Note 15 5G (Black, 128 GB)",REDMI,24987,26999,7,4.3,647,32,8,128,108MP Rear Camera,,5520
"REDMI 15A (Ace Black, 64 GB)",REDMI,14999,16999,11,3.9,276,23,4,64,32MP Rear Camera,8MP Front Camera,6300
"realme P4 5G (Engine Blue, 128 GB)",realme,23999,29999,20,4.4,18347,1303,8,128,50MP + 8MP,16MP Front Camera,7000
"OnePlus 15R 5G (Mint Breeze, 256 GB)",OnePlus,50749,54999,7,4.6,1297,88,12,256,50MP Rear Camera,,7400
"Nothing Phone (3) (Black, 256 GB)",Nothing,79999,84999,5,4.4,3480,361,12,256,50MP + 50MP + 50MP,50MP Front Camera,5500
"REDMI Note 15 5G (Mist Purple, 256 GB)",REDMI,27886,28999,3,4.3,647,32,8,256,108MP Rear Camera,,5520
"OPPO A6x 5G (Ice Blue, 128 GB)",OPPO,18999,20999,9,4.3,211,10,4,128,13MP Rear Camera,5MP Front Camera,6500
"vivo Y31 5G (Rose Red, 128 GB)",vivo,23999,27999,14,4.4,731,28,6,128,50MP + 0.08MP,8MP Front Camera,6500
"MOTOROLA g37 power (PANTONE Capri, 128 GB)",MOTOROLA,25999,37999,31,,,,8,128,50MP Rear Camera,8MP Front Camera,7000
"vivo V70 Elite (Passion Red, 256 GB)",vivo,54999,,,4.6,675,80,8,256,50MP + 50MP + 8MP,Yes,6500
"vivo V60 5G (Auspicious Gold, 128 GB)",vivo,44581,52999,15,4.5,3896,324,8,128,50MP + 8MP + 50MP,50MP Front Camera,6500
"OPPO A6x 5G (Olive Green, 128 GB)",OPPO,20999,23999,12,4.4,121,4,6,128,13MP Rear Camera,5MP Front Camera,6500
"realme 16T 5G (Starlight Black, 128 GB)",realme,29999,50999,41,2.4,16,3,6,128,50MP + 2MP,16MP Front Camera,8000
"realme 16T 5G (Aurora Green, 128 GB)",realme,29999,50999,41,2.4,16,3,6,128,50MP + 2MP,16MP Front Camera,8000
"vivo V70 Elite (Passion Red, 256 GB)",vivo,59999,,,4.5,404,50,12,256,50MP + 50MP + 8MP,Yes,6500
"OPPO Reno15c 5G (Twilight Blue, 256 GB)",OPPO,44999,46999,4,4.4,154,17,12,256,50MP + 8MP + 2MP,Yes,7000
"vivo Y31 5G (Rose Red, 128 GB)",vivo,19999,,,4.3,559,20,4,128,50MP + 0.08MP,8MP Front Camera,6500
"REDMI 15A (Ace Black, 128 GB)",REDMI,17999,19999,10,3.7,63,5,6,128,32MP Rear Camera,8MP Front Camera,6300
"OnePlus Nord 6 (Quick Silver, 256 GB)",OnePlus,51483,56999,9,4.7,56,9,12,256,50MP Rear Camera,,9000
"REDMI A4 (Starry Black, 128 GB)",REDMI,15995,,,4.2,16302,715,4,128,50MP Rear Camera,,5160
"OnePlus Nord 6 (Pitch Black, 256 GB)",OnePlus,51354,56999,9,4.7,56,9,12,256,50MP Rear Camera,,9000
"Samsung Galaxy S25 Plus 5G (Navy, 256 GB)",Samsung,79999,99999,20,4.6,779,90,12,256,50MP + 10MP + 12MP,12MP Front Camera,4900
"Ai+ Pulse 1 (Blue, 64 GB)",Ai+,7999,,,4.2,42699,2813,4,64,50MP Rear Camera,5MP Front Camera,5000
"OPPO F29 5G (Solid Purple, 256 GB)",OPPO,25177,30999,18,4.4,2540,134,8,256,50MP + 2MP,16MP Front Camera,6500
"OPPO F29 5G (Solid Purple, 128 GB)",OPPO,22999,28999,20,4.4,2540,134,8,128,50MP + 2MP,16MP Front Camera,6500
"REDMI Note 15 5G (Glacier Blue, 128 GB)",REDMI,24990,26999,7,4.3,647,32,8,128,108MP Rear Camera,,5520
"Samsung Galaxy S24 5G Snapdragon (Marble Gray, 256 GB)",Samsung,55999,79999,30,4.6,57437,3731,8,256,50MP + 12MP,12MP Front Camera,4000
"OPPO A6x 5G (Ice Blue, 128 GB)",OPPO,20999,23999,12,4.4,121,4,6,128,13MP Rear Camera,5MP Front Camera,6500
"MOTOROLA Razr fold (PANTONE Blackened blue, 512 GB)",MOTOROLA,159999,189999,15,3.7,6,2,16,512,50MP + 50MP + 50MP,20MP + 32MP Dual Front Camera,6000
"REDMI 15C 5G (Dusk Purple, 128 GB)",REDMI,16999,,,3.8,340,36,4,128,50MP Rear Camera,,6000
"Nothing Phone (4a) Pro (Silver, 256 GB)",Nothing,52999,,,4.5,2109,262,8,256,50MP + 50MP + 8MP,32MP Front Camera,5400
"MOTOROLA Signature (PANTONE Martini Olive, 1 TB)",MOTOROLA,67499,84999,20,4.5,572,95,16,,50MP + 50MP + 50MP,50MP Front Camera,5200
"REDMI 13 5G (Hawaiian Blue, 128 GB)",REDMI,19790,19999,1,4.2,15706,817,8,128,108MP Rear Camera,,5030
"Samsung Galaxy S24 Exynos 5G (Marble Gray, 128 GB)",Samsung,49999,74999,33,4.5,6870,449,8,128,50MP + 10MP + 12MP,12MP Front Camera,4000
"realme P4 Pro 5G (Midnight Ivy, 128 GB)",realme,27999,28999,3,4.4,18447,1490,8,128,50MP + 8MP,50MP Front Camera,7000
"realme 15x 5G (Maroon Red, 128 GB)",realme,23999,28999,17,4.3,3598,251,6,128,50MP Rear Camera,50MP Front Camera,7000
"realme P4 Pro 5G (Birch Wood, 256 GB)",realme,29999,30999,3,4.4,18447,1490,8,256,50MP + 8MP,50MP Front Camera,7000
"Apple iPhone Air (Sky Blue, 256 GB)",Apple,99900,119900,16,4.6,145,9,,,48MP Rear Camera,18MP Front Camera,
"Samsung Galaxy S25 Ultra 5G (Titanium Silverblue, 512 GB)",Samsung,132070,141999,6,4.6,2627,282,12,512,200MP + 50MP + 50MP + 10MP,12MP Front Camera,5000
"vivo V70 (Passion Red, 256 GB)",vivo,53999,,,4.4,216,19,12,256,50MP + 50MP + 8MP,Yes,6500
"REDMI A7 Pro 5G (Mist Blue, 128 GB)",REDMI,14791,16999,12,4.1,436,41,4,128,32MP Rear Camera,,6300
"OPPO Reno15 Pro Mini 5G (Crystal Pink, 256 GB)",OPPO,59999,64999,7,4.6,617,60,12,256,200MP + 50MP + 50MP,Yes,6200
"realme C35 (Glowing Black, 128 GB)",realme,10999,14999,26,4.3,166720,9554,4,128,50MP + 2MP + 0.3MP,8MP Front Camera,5000
"Ai+ Nova 2 Ultra 5G (Green, 128 GB)",Ai+,20999,25999,19,4.3,465,133,6,128,50MP + 8MP,13MP Front Camera,6000
"Infinix Hot 60 5G+ (Tundra Green, 128 GB)",Infinix,17999,,,4.3,2717,168,6,128,50MP Rear Camera,8MP Front Camera,5200
"Infinix Hot 60 5G+ (Shadow Blue, 128 GB)",Infinix,17999,,,4.3,2717,168,6,128,50MP Rear Camera,8MP Front Camera,5200
"realme 16 Pro 5G (Pebble Grey, 256 GB)",realme,39999,46999,14,4.4,1852,159,8,256,200MP + 8MP,50MP Front Camera,7000
"OPPO Reno15 5G (Aurora Blue, 256 GB)",OPPO,47999,49999,4,4.5,681,70,8,256,50MP + 50MP + 8MP,Yes,6500
"POCO X7 5G (Cosmic Silver, 128 GB)",POCO,17999,24999,28,4.3,28985,2326,8,128,50MP + 8MP + 2MP,20MP Front Camera,5500
"realme 15x 5G (Aqua Blue, 128 GB)",realme,25999,30999,16,4.3,3407,245,8,128,50MP Rear Camera,50MP Front Camera,7000
"Tecno Pova Curve 2 5G (Storm Titanium, 128 GB)",Tecno,29999,31999,6,4,264,26,8,128,50MP + 2MP,13MP Front Camera,8000
"OPPO F33 5G (Pearl White, 128 GB)",OPPO,33849,52999,36,4.7,24,10,8,128,50MP + 2MP,16MP Front Camera,7000
"OPPO F33 5G (Forest Green, 128 GB)",OPPO,33849,52999,36,4.7,24,10,8,128,50MP + 2MP,16MP Front Camera,7000
"OPPO F33 5G (Pearl White, 128 GB)",OPPO,33849,52999,36,4.7,24,10,8,128,50MP + 2MP,16MP Front Camera,7000
"REDMI Note 15 5G (Glacier Blue, 256 GB)",REDMI,27979,28999,3,4.3,647,32,8,256,108MP Rear Camera,,5520
"POCO X7 5G (Cosmic Silver, 128 GB)",POCO,17999,24999,28,4.3,28985,2326,8,128,50MP + 8MP + 2MP,20MP Front Camera,5500
"realme 15x 5G (Aqua Blue, 128 GB)",realme,25999,30999,16,4.3,3407,245,8,128,50MP Rear Camera,50MP Front Camera,7000
"OPPO F33 5G (Pearl White, 128 GB)",OPPO,31249,48999,36,4.7,14,5,6,128,50MP + 2MP,16MP Front Camera,7000
"OPPO F33 5G (Pearl White, 256 GB)",OPPO,36965,55999,33,4.7,24,10,8,256,50MP + 2MP,16MP Front Camera,7000
"OPPO F29 5G (Solid Purple, 128 GB)",OPPO,22999,28999,20,4.4,2540,134,8,128,50MP + 2MP,16MP Front Camera,6500
"OPPO F29 5G (Solid Purple, 256 GB)",OPPO,25177,30999,18,4.4,2540,134,8,256,50MP + 2MP,16MP Front Camera,6500
"Tecno Pova Curve 2 5G (Storm Titanium, 128 GB)",Tecno,29999,31999,6,4,264,26,8,128,50MP + 2MP,13MP Front Camera,8000
"realme P4 5G (Steel Grey, 256 GB)",realme,25999,33999,23,4.4,18347,1303,8,256,50MP + 8MP,16MP Front Camera,7000
"realme C35 (Glowing Black, 128 GB)",realme,10999,14999,26,4.3,166720,9554,4,128,50MP + 2MP + 0.3MP,8MP Front Camera,5000
"realme P4 Pro 5G (Birch Wood, 256 GB)",realme,31999,32999,3,4.4,4187,344,12,256,50MP + 8MP,50MP Front Camera,7000
"realme 16T 5G (Starlight Red, 256 GB)",realme,34999,62999,44,2.1,8,4,8,256,50MP + 2MP,16MP Front Camera,8000
"realme 16T 5G (Aurora Green, 128 GB)",realme,31999,55999,42,2.1,8,4,8,128,50MP + 2MP,16MP Front Camera,8000
"realme 16T 5G (Starlight Black, 256 GB)",realme,34999,62999,44,2.1,8,4,8,256,50MP + 2MP,16MP Front Camera,8000
"realme 16T 5G (Starlight Black, 128 GB)",realme,31999,55999,42,2.1,8,4,8,128,50MP + 2MP,16MP Front Camera,8000
"Samsung Galaxy S24 5G Snapdragon (Onyx Black, 256 GB)",Samsung,55999,79999,30,4.6,57437,3731,8,256,50MP + 12MP,12MP Front Camera,4000
"vivo V70 FE (Northern Lights Purple, 256 GB)",vivo,44999,47999,6,4.3,103,12,12,256,200MP + 8MP,50MP Front Camera,7000
"Samsung Galaxy S24 Ultra 5G (Titanium Violet, 256 GB)",Samsung,119999,134999,11,4.6,7711,581,12,256,200MP + 50MP + 12MP + 10MP,12MP Front Camera,5000
"Infinix NOTE 60 Pro (Tactical ED(Mocha Brown), 256 GB)",Infinix,34999,44999,22,4.4,673,116,8,256,50MP + 8MP,13MP Front Camera,6500
"Apple iPhone 16 Plus (Pink, 256 GB)",Apple,89900,,,4.6,4059,250,,,48MP + 12MP,12MP Front Camera,
"OPPO Reno15 5G (Glacier White, 512 GB)",OPPO,55999,59999,6,4.5,364,29,12,512,50MP + 50MP + 8MP,Yes,6500
"realme 16 5G (Air Black, 256 GB)",realme,36999,44999,17,4.1,494,58,8,256,50MP + 2MP,50MP Front Camera,7000
"Samsung Galaxy F13 (Waterfall Blue, 64 GB)",Samsung,14999,,,4.3,193988,11389,4,64,50MP + 5MP + 2MP,8MP Front Camera,6000
"realme 16 5G (Air White, 256 GB)",realme,39999,49999,20,4.4,112,13,12,256,50MP + 2MP,50MP Front Camera,7000
"realme 16T 5G (Starlight Black, 256 GB)",realme,34999,62999,44,2.1,8,4,8,256,50MP + 2MP,16MP Front Camera,8000
"realme 16T 5G (Starlight Red, 256 GB)",realme,34999,62999,44,2.1,8,4,8,256,50MP + 2MP,16MP Front Camera,8000
"Samsung Galaxy M17e 5G (Blitz Blue, 128 GB)",Samsung,13997,16999,17,3.8,4,0,4,128,50MP Rear Camera,8MP Front Camera,6000
"OPPO Reno15 Pro 5G (Sunset Gold, 512 GB)",OPPO,72999,79999,8,4.6,129,16,12,512,200MP + 50MP + 50MP,Yes,6500
"OPPO Reno15 Pro 5G (Cocoa Brown, 512 GB)",OPPO,72999,79999,8,4.6,129,16,12,512,200MP + 50MP + 50MP,Yes,6500
"REDMI Note 15 SE 5G Snapdragon (Carbon Black, 128 GB)",REDMI,24999,35999,30,4.3,914,107,8,128,50MP Rear Camera,20MP Front Camera,5800
"Nothing Phone (4a) Pro (Silver, 128 GB)",Nothing,49999,,,4.5,2109,262,8,128,50MP + 50MP + 8MP,32MP Front Camera,5400
"POCO X8 Pro Charger in the Box (Green, 256 GB)",POCO,37999,52999,28,4.4,509,76,12,256,50MP + 8MP,20MP Front Camera,6500
"Samsung Galaxy S24 5G Snapdragon (Onyx Black, 256 GB)",Samsung,55999,79999,30,4.6,57437,3731,8,256,50MP + 12MP,12MP Front Camera,4000
"Samsung Galaxy S25 Edge 5G (Titanium Jetblack, 256 GB)",Samsung,69999,109999,36,4.4,127,14,12,256,200MP + 12MP,12MP Front Camera,3900
"vivo Y51 Pro 5G (Festive Red, 128 GB)",vivo,27999,34999,20,4.4,130,8,8,128,50MP + 2MP,8MP Front Camera,7200
"OPPO Reno15 5G (Twilight Blue, 256 GB)",OPPO,50999,54999,7,4.5,364,29,12,256,50MP + 50MP + 8MP,Yes,6500
"vivo Y51 Pro 5G (Noble Gold, 128 GB)",vivo,27999,34999,20,4.4,130,8,8,128,50MP + 2MP,8MP Front Camera,7200
"REDMI Note 15 Pro + 5G (Coffee Mocha, 512 GB)",REDMI,44642,44999,,4.2,44,3,12,512,200MP Rear Camera,,6500
"OPPO F33 Pro 5G (Misty Forest, 128 GB)",OPPO,37462,55999,33,4.3,55,21,8,128,50MP + 2MP,50MP Front Camera,7000
"REDMI Note 15 Pro + 5G (Mirage Blue, 512 GB)",REDMI,43593,44999,3,4.2,44,3,12,512,200MP Rear Camera,,6500
"OPPO Reno15 Pro Mini 5G (Cocoa Brown, 512 GB)",OPPO,64999,69999,7,4.6,617,60,12,512,200MP + 50MP + 50MP,Yes,6200
"Tecno Pova Curve 2 5G (Melting Silver, 256 GB)",Tecno,31999,34999,8,4,264,26,8,256,50MP + 2MP,13MP Front Camera,8000
"vivo Y51 Pro 5G (Noble Gold, 256 GB)",vivo,30999,37999,18,4.4,130,8,8,256,50MP + 2MP,8MP Front Camera,7200
"OPPO F33 Pro 5G (Starry Blue, 128 GB)",OPPO,36929,55999,34,4.3,55,21,8,128,50MP + 2MP,50MP Front Camera,7000
"Samsung Galaxy A37 5G (Awesome Graygreen, 128 GB)",Samsung,41999,45999,8,4.3,55,5,8,128,50MP + 8MP,12MP Front Camera,5000
"realme Gt 7 (Icesense Blue, 256 GB)",realme,36999,45999,19,4.4,797,102,8,256,50MP + 50MP + 8MP + 50MP,32MP + 32MP Dual Front Camera,7000
"OPPO F33 Pro 5G (Passion Red, 128 GB)",OPPO,37248,55999,33,4.3,55,21,8,128,50MP + 2MP,50MP Front Camera,7000
"REDMI Note 14 Pro 5G (Phantom Purple, 256 GB)",REDMI,25999,30999,16,4.4,5994,406,8,256,50MP + 8MP + 2MP,20MP Front Camera,5500
"POCO M8 Charger in the Box (Glacial Blue, 256 GB)",POCO,23999,29999,20,4.3,1291,124,8,256,50MP Rear Camera,20MP Front Camera,5520
"OPPO K13x 5G 6000mAh and 45W SUPERVOOC Charger & AI (Sunset Peach, 128 GB)",OPPO,16999,,,4.4,61103,3850,6,128,50MP + 2MP,8MP Front Camera,6000
"Tecno Pova Curve 2 5G (Storm Titanium, 256 GB)",Tecno,31999,34999,8,4,264,26,8,256,50MP + 2MP,13MP Front Camera,8000
"realme C83 5G (Sprouting Green, 64 GB)",realme,16499,19999,17,4.1,147,5,4,64,13MP Rear Camera,5MP Front Camera,7000
"Apple iPhone 17 Pro (Deep Blue, 512 GB)",Apple,154900,,,4.7,1963,149,,,48MP + 48MP + 48MP,18MP Front Camera,
"OPPO A6x 5G (Olive Green, 128 GB)",OPPO,18999,20999,9,4.3,211,10,4,128,13MP Rear Camera,5MP Front Camera,6500
"Apple iPhone 17 (Lavender, 512 GB)",Apple,102900,,,4.6,12927,821,,,48MP + 48MP,18MP Front Camera,
"Samsung Galaxy A36 5G (Awesome White, 128 GB)",Samsung,28388,35999,21,4.3,2249,178,8,128,50MP + 8MP,12MP Front Camera,5000
"Motorola G60 (Dynamic Gray, 128 GB)",Motorola,21999,,,4.1,77739,7534,6,128,108MP + 8MP + 2MP,32MP Front Camera,6000
"OPPO Reno14 Pro 5G (Pearl White, 256 GB)",OPPO,54999,,,4.5,1841,213,12,256,50MP + 50MP + 50MP,50MP Front Camera,6200
"Apple iPhone 17 (White, 512 GB)",Apple,102900,,,4.6,12927,821,,,48MP + 48MP,18MP Front Camera,
"Tecno Spark 50 5G (Fantasy Purple, 128 GB)",Tecno,21499,31999,32,4.3,35,0,6,128,50MP Rear Camera,8MP Front Camera,6500
"MOTOROLA Edge 60 Fusion 5G (PANTONE Zephyr, 256 GB)",MOTOROLA,27999,,,4.4,45312,2675,12,256,50MP + 13MP,32MP Front Camera,5500
"Samsung Galaxy F14 5G (OMG Black, 128 GB)",Samsung,18490,,,4.2,122751,8901,6,128,50MP + 2MP,13MP Front Camera,6000
"LAVA Shark (Stealth Black, 64 GB)",LAVA,10620,10999,3,4.2,304,9,4,64,50MP Rear Camera,,5000
"OPPO F31 Pro 5G (Desert Gold, 256 GB)",OPPO,29999,33999,11,4.4,934,65,8,256,50MP + 2MP,32MP Front Camera,7000
"OPPO Reno15 Pro 5G (Cocoa Brown, 256 GB)",OPPO,67999,74999,9,4.6,129,16,12,256,200MP + 50MP + 50MP,Yes,6500
"REDMI Note 12 (Ice Blue, 64 GB)",REDMI,16990,18999,10,4.2,34045,2604,6,64,50MP + 8MP + 2MP,13MP Front Camera,5000
"LAVA Blaze Duo 3 (Moonlight Black, 128 GB)",LAVA,18499,25999,28,3.7,9,0,6,128,50MP + 64MP,0MP Front Camera,5000
"Samsung Galaxy F17 5G (Neo Black, 128 GB)",Samsung,17989,19499,7,4.3,154,10,6,128,50MP + 5MP,13MP Front Camera,5000
"Apple iPhone 17 (Sage, 512 GB)",Apple,102900,,,4.6,12927,821,,,48MP + 48MP,18MP Front Camera,
"Infinix Note edge (Lunar Titanium, 128 GB)",Infinix,24999,29999,16,4.2,129,17,8,128,50MP Rear Camera,13MP Front Camera,6500
"OPPO A6x 5G (Olive Green, 64 GB)",OPPO,16999,18999,10,4.3,211,10,4,64,13MP Rear Camera,5MP Front Camera,6500
